url,Engine Capacity,Registration Year,Mileage,VIN / Chassis No.,Transmission,Model Grade,Drive Type,Dimension,Fuel Type,Exterior Color,*Full VIN/Chassis no. will be shown on Invoice,Reference No.,Price,No. of Doors,Manufacture Year,No. of Seats,Steering,Model Code
https://carfromjapan.com/cheap-used-daihatsu-hijet-truck-2021-for-sale-68a7c82cc49cc5ebcf1a4eae,660 cc(0.66 liters),2021 / Jul,"56,000 km(Approx. 34,804 miles)",S510P0401***,Automatic,-,-,10 m3,Petrol,-,Auction Grade,CFJ1568485,"US$ 6,854",-,-,2,Other,3BD-S510P
https://carfromjapan.com/cheap-used-mercedes-benz-amg-2021-for-sale-6984348ec15b58c118ba33df,4000 cc(4.00 liters),2021 / May,"10,000 km(Approx. 6,215 miles)",W1N4632761X388***,Automatic,G63 Manufaktur pkg,4WD,19.11 m3,Petrol,White,Auction Grade,CFJ2303128,"US$ 123,747",4,-,5,Left,3BA-463276
https://carfromjapan.com/cheap-used-toyota-rav4-2019-for-sale-6a0505694aa46852b18e8141,2000 cc(2.00 liters),2019 / Nov,"14,700 km(Approx. 9,136 miles)",MXAA524002***,Automatic,Ｘ,-,17 m3,Petrol,Other,Auction Grade,CFJ2783652,"US$ 18,148",5,-,5,Right,MXAA52
https://carfromjapan.com/cheap-used-toyota-rav4-2019-for-sale-69d905a20d2462329b4839c4,2000 cc(2.00 liters),2019 / Nov,"21,900 km(Approx. 13,611 miles)",MXAA542013***,Automatic,-,4WD,14.3 m3,Petrol,Black,Auction Grade,CFJ2631963,"US$ 14,428",5,-,5,Right,6BA-MXAA54
https://carfromjapan.com/cheap-used-toyota-alphard-2025-for-sale-6a06b195c15b58c118022102,2500 cc(2.50 liters),2025 / Mar,"13,000 km(Approx. 8,080 miles)",AGH40-0033***,Automatic,Z,2WD,17.82 m3,Petrol,Pearl,Auction Grade,CFJ2790012,"US$ 37,505",5,-,7,Right,3BA-AGH40W
https://carfromjapan.com/cheap-used-toyota-rav4-2019-for-sale-699327ce3a4a6f6b0377e368,2500 cc(2.50 liters),2019 / Dec,"37,300 km(Approx. 23,182 miles)",AXAH544013***,Automatic,-,4WD,14.3 m3,Petrol,Black,Auction Grade,CFJ2355898,"US$ 16,784",5,-,5,Right,6AA-AXAH54
https://carfromjapan.com/cheap-used-toyota-hiace-van-2019-for-sale-69e48aa8c15b58c118725c97,2000 cc(2.00 liters),2019 / Sep,"76,000 km(Approx. 47,234 miles)",TRH200-5041***,Automatic,DX GL package,2WD,21 m3,Petrol,White,Auction Grade,CFJ2677062,"US$ 9,488",5,-,3,Right,CBF-TRH200V
https://carfromjapan.com/cheap-used-daihatsu-hijet-truck-2024-for-sale-692a31d907500f365b23d1b0,660 cc(0.66 liters),2024 / May,"13,000 km(Approx. 8,080 miles)",S510P-0571***,Automatic,スタンダード　農用スペシャル,4WD,8.87 m3,Petrol,Other,Auction Grade,CFJ2019345,"US$ 7,225",2,-,2,Right,S510P
https://carfromjapan.com/cheap-used-toyota-alphard-2025-for-sale-69f58db2c15b58c118bda9d1,2500 cc(2.50 liters),2025 / Jun,50 km(Approx. 31 miles),AGH40-4028***,Automatic,Z,2WD,17.82 m3,Petrol,Black,Auction Grade,CFJ2746510,"US$ 40,614",5,-,7,Right,3BA-AGH40W
https://carfromjapan.com/cheap-used-toyota-rav4-2019-for-sale-6a068a69a329faa74f09d718,2000 cc(2.00 liters),2019 / Nov,"15,000 km(Approx. 9,323 miles)",MXAA52-4002***,Automatic,X,2WD,17 m3,Petrol,Pearl,Auction Grade,CFJ2789155,"US$ 18,148",5,-,5,-,6BA-MXAA52
https://carfromjapan.com/cheap-used-bmw-2-series-2022-for-sale-6a02613d29365f80f134633e,2000 cc(2.00 liters),2022 / Nov,"15,900 km(Approx. 9,882 miles)",WBA22BY0507L51***,Automatic,218dｱｸﾃｨﾌﾞﾂｱﾗｰｴｸｽｸﾙｰｼﾌﾞ,2WD,12.6 m3,Diesel,Other,Auction Grade,CFJ2774836,"US$ 15,287",5,-,5,Other,22BY20
https://carfromjapan.com/cheap-used-toyota-rav4-2019-for-sale-69cef9b378dc8c838d76ac34,2500 cc(2.50 liters),2019 / Dec,"75,400 km(Approx. 46,861 miles)",AXAH544011***,Automatic,ハイブリッドＧ,4WD,17 m3,Hybrid,Other,Auction Grade,CFJ2590079,"US$ 18,541",5,-,5,Right,AXAH54
https://carfromjapan.com/cheap-used-toyota-rav4-2019-for-sale-698ddde134c546bf1069f1d4,2500 cc(2.50 liters),2019 / Oct,"46,000 km(Approx. 28,589 miles)",AXAH52-2001***,Automatic,X,2WD,17 m3,Hybrid,Black,Auction Grade,CFJ2335818,"US$ 19,326",5,-,5,-,6AA-AXAH52
https://carfromjapan.com/cheap-used-toyota-rav4-2019-for-sale-698e5ece34c5468cc37e8b55,2500 cc(2.50 liters),2019 / Oct,"47,000 km(Approx. 29,211 miles)",AXAH522001***,Automatic,HYBRID X,-,17 m3,Hybrid,Other,Auction Grade,CFJ2337805,"US$ 19,326",5,-,-,Right,6AA-AXAH52
https://carfromjapan.com/cheap-used-toyota-rav4-2021-for-sale-6a05eb0e64ce68fa34ffe6ec,2500 cc(2.50 liters),2021 / May,"28,000 km(Approx. 17,402 miles)",AXAH52-4006***,Automatic,ハイブリッドX,-,17 m3,Petrol,Red,Auction Grade,CFJ2786169,"US$ 16,970",5,-,-,-,6AA-AXAH52
https://carfromjapan.com/cheap-used-toyota-rav4-2019-for-sale-6a06784564ce682e752b9447,2000 cc(2.00 liters),2019 / Nov,"57,000 km(Approx. 35,426 miles)",MXAA544010***,Automatic,-,4WD,14.3 m3,Petrol,Black,Auction Grade,CFJ2788991,"US$ 16,104",5,-,-,Right,6BA-MXAA54
https://carfromjapan.com/cheap-used-suzuki-wagon-r-2019-for-sale-68d0b0357fb9f3b679aa3607,660 cc(0.66 liters),2019 / Sep,"31,000 km(Approx. 19,267 miles)",MH35S-136***,Automatic,-,2WD,8.3 m3,Petrol,-,Auction Grade,CFJ1707007,"US$ 3,500",5,-,4,-,MH35S
https://carfromjapan.com/cheap-used-bmw-2-series-2019-for-sale-69b34ab515dc0f0d9ef5db05,1500 cc(1.50 liters),2019 / Sep,"15,800 km(Approx. 9,820 miles)",WBA6S120207E46***,Automatic,２１８ｉアクティブツアラー,-,12.21 m3,Petrol,White,Auction Grade,CFJ2476808,"US$ 9,375",5,-,5,Right,DBA-6S15
https://carfromjapan.com/cheap-used-subaru-forester-2025-for-sale-69b345b815dc0fa681e69c2a,2500 cc(2.50 liters),2025 / Aug,200 km(Approx. 124 miles),SLG007***,Automatic,Ｘ－ブレイクＳ：ＨＥＶ　ＥＸ,4WD,17 m3,Hybrid,Other,Auction Grade,CFJ2474545,"US$ 33,846",5,-,5,Right,SLG
https://carfromjapan.com/cheap-used-toyota-hiace-van-2019-for-sale-69328ae7ef0b8748a8cf7c7c,2800 cc(2.80 liters),2019 / Sep,"29,000 km(Approx. 18,024 miles)",GDH206-1028***,Automatic,ウェルキャブCタイプ 4WD,4WD,17.68 m3,Diesel,Silver,Auction Grade,CFJ2056875,"US$ 33,540",4,-,10,-,QDF-GDH206Kカイ
https://carfromjapan.com/cheap-used-toyota-hiace-wagon-2025-for-sale-6886b3b2b3aabd738ae397f4,2700 cc(2.70 liters),2025 / Jul,-,TRH229-0018***,Automatic,"Grand Cabin 4WD, improved model, power slide, panoramic view, digital inner mirror",4WD,23 m3,Petrol,Pearl,Auction Grade,CFJ1478395,"US$ 25,999",4,-,10,Right,3BA-TRH229W
https://carfromjapan.com/cheap-used-toyota-rav4-2021-for-sale-6a08ac42032fc86c0574f3ba,2500 cc(2.50 liters),2021 / Nov,"45,000 km(Approx. 27,968 miles)",AXAP54-0005***,Automatic,2.5 G Z,2WD,14.38 m3,Petrol,Blue,Auction Grade,CFJ2797464,"US$ 23,331",5,-,5,-,6LA-AXAP54
https://carfromjapan.com/cheap-used-subaru-forester-2021-for-sale-69e2c131ba10e79439408f2e,1800 cc(1.80 liters),2021 / Mar,"31,700 km(Approx. 19,702 miles)",SK5005***,Automatic,1.8 ｽﾎﾟｰﾂ 4WD,4WD,14.3 m3,Petrol,Other,Auction Grade,CFJ2672422,"US$ 15,963",5,-,5,Right,4BA-SK5
https://carfromjapan.com/cheap-used-toyota-hiace-van-2019-for-sale-691b9c2ec8883d953eb7e8b6,2800 cc(2.80 liters),2019 / Sep,"28,000 km(Approx. 17,402 miles)",GDH206-1028***,Automatic,ウェルキャブBタイプ 4WD,4WD,17.68 m3,Diesel,Silver,Auction Grade,CFJ1968540,"US$ 34,325",4,-,10,-,QDF-GDH206Kカイ
https://carfromjapan.com/cheap-used-toyota-rav4-2020-for-sale-6a05084c4aa468c6b2988e4c,2500 cc(2.50 liters),2020 / Feb,"44,600 km(Approx. 27,719 miles)",AXAH524003***,Automatic,ハイブリッドＸ,-,17 m3,Hybrid,Other,Auction Grade,CFJ2784250,"US$ 20,739",5,-,5,Right,AXAH52
https://carfromjapan.com/cheap-used-toyota-rav4-2019-for-sale-69d6e2b8fed37da5e28a50e9,2000 cc(2.00 liters),2019 / Oct,"12,400 km(Approx. 7,707 miles)",MXAA544010***,Automatic,G,4WD,14.3 m3,Petrol,Other,Auction Grade,CFJ2621812,"US$ 17,991",5,-,5,Other,MXAA54
https://carfromjapan.com/cheap-used-bmw-2-series-2022-for-sale-69e40e50bacb66531dd0a8c0,1500 cc(1.50 liters),2022 / Dec,"10,800 km(Approx. 6,712 miles)",WBA62BX0407L50***,Automatic,２１８ｉアクティブツアラーエクスクルシブハイラインＰ,2WD,12.57 m3,Petrol,Other,Auction Grade,CFJ2675339,"US$ 20,347",5,-,5,Right,62BX15
https://carfromjapan.com/cheap-used-toyota-rav4-2022-for-sale-69a4ca3fed81a3dc24939f42,2000 cc(2.00 liters),2022 / Nov,"23,500 km(Approx. 14,605 miles)",MXAA544034***,Automatic,Ｇ,4WD,13.26 m3,Petrol,Pearl,Auction Grade,CFJ2420941,"US$ 25,844",5,-,5,Right,DBA-ACA31W
https://carfromjapan.com/cheap-used-subaru-forester-2020-for-sale-6a07a870032fc84b553f4208,1800 cc(1.80 liters),2020 / Dec,"22,700 km(Approx. 14,108 miles)",SK5004***,Automatic,スポーツ,4WD,17 m3,Petrol,Silver,Auction Grade,CFJ2795059,"US$ 15,664",5,-,5,Right,SK5
https://carfromjapan.com/cheap-used-subaru-forester-2025-for-sale-69ab5e32946b9a2874e593e7,1800 cc(1.80 liters),2025 / Nov,"3,100 km(Approx. 1,927 miles)",SL5007***,Automatic,スポーツ　ブラックセレクション,4WD,17 m3,Petrol,Other,Auction Grade,CFJ2446835,"US$ 30,477",5,-,5,Right,SL5
https://carfromjapan.com/cheap-used-mazda-cx-30-2019-for-sale-69fafeecc15b58c11879a283,1800 cc(1.80 liters),2019 / Dec,"28,800 km(Approx. 17,899 miles)",DM80-103***,Automatic,XD PROACTIVE TOURING SELECTION,4WD,12.15 m3,Diesel,Red,Auction Grade,CFJ2760988,"US$ 12,400",5,-,5,Right,3DA-DM8P
https://carfromjapan.com/cheap-used-subaru-forester-2019-for-sale-69c5bb7283b1977ce876ca77,2500 cc(2.50 liters),2019 / Oct,"44,800 km(Approx. 27,843 miles)",SK9029***,Automatic,プレミアム,4WD,17 m3,Petrol,Black,Auction Grade,CFJ2549269,"US$ 14,765",5,-,5,Right,SK9
https://carfromjapan.com/cheap-used-subaru-forester-2025-for-sale-68b0bbb86e1d8982c9d99063,1800 cc(1.80 liters),2025 / Jun,"10,000 km(Approx. 6,215 miles)",SL5-002***,Automatic,スポーツEX★11.6インチナビ★マルチ,4WD,14.72 m3,Petrol,Black,Auction Grade,CFJ1597560,"US$ 32,119",5,-,5,-,3BA-SL5
https://carfromjapan.com/cheap-used-toyota-harrier-2020-for-sale-6a08af7a6c3bf8b3e8aa27fc,2500 cc(2.50 liters),2020 / Jun,"22,000 km(Approx. 13,673 miles)",AXUH85-0001***,Automatic,2.5 G 4WD,4WD,14.56 m3,Petrol,Gray,Auction Grade,CFJ2797643,"US$ 21,603",5,-,5,-,6AA-AXUH85
https://carfromjapan.com/cheap-used-toyota-hiace-van-2022-for-sale-6986ec6bb5ba4662fccfc6ef,2700 cc(2.70 liters),2022 / Jun,"31,000 km(Approx. 19,267 miles)",TRH221-0099***,Automatic,キャンピング 買取車 ビーク,-,16.5 m3,Petrol,Gold,Auction Grade,CFJ2314214,"US$ 36,509",4,-,-,-,3BF-TRH221K
https://carfromjapan.com/cheap-used-subaru-forester-2025-for-sale-69d6df48fed37d231f7e0b68,2500 cc(2.50 liters),2025 / Sep,"5,900 km(Approx. 3,667 miles)",SLG009***,Automatic,Ｘ－ブレイクＳ：ＨＥＶ　ＥＸ,4WD,17 m3,Hybrid,Other,Auction Grade,CFJ2620933,"US$ 34,090",5,-,5,Right,SLG
https://carfromjapan.com/cheap-used-subaru-forester-2025-for-sale-69f3e1cbb371b10050a4907c,2500 cc(2.50 liters),2025 / Sep,"3,300 km(Approx. 2,051 miles)",SLG008***,Automatic,Ｘ－ブレイクＳ：ＨＥＶ　ＥＸ,4WD,17 m3,Hybrid,Other,Auction Grade,CFJ2736415,"US$ 36,289",5,-,5,Right,SLG
https://carfromjapan.com/cheap-used-nissan-note-2022-for-sale-6a025fc6d32bf908669003bd,1200 cc(1.20 liters),2022 / Mar,"70,500 km(Approx. 43,816 miles)",FSNE13503***,Automatic,1.2 G FOUR,4WD,10.62 m3,Petrol,Other,Auction Grade,CFJ2774593,"US$ 10,066",5,-,5,Right,6AA-FSNE13
https://carfromjapan.com/cheap-used-volvo-xc60-2021-for-sale-69ffc2a9adabac0ca679fb11,2000 cc(2.00 liters),2021 / May,"46,800 km(Approx. 29,086 miles)",YV1UZL1MCM1824***,Automatic,Ｂ５　ＡＷＤ　インスクリプション,4WD,17 m3,Hybrid,Gray,Auction Grade,CFJ2770983,"US$ 20,268",5,-,5,Right,UB420TXCM
https://carfromjapan.com/cheap-used-bmw-2-series-2022-for-sale-69e56245bacb6616f31952be,3000 cc(3.00 liters),2022 / May,"42,000 km(Approx. 26,103 miles)",WBA52CM0408C59***,Automatic,Ｍ２４０ｉ ｘＤｒｉｖｅクーペ ハイラインパッケージ,4WD,11.69 m3,Petrol,Pearl,Auction Grade,CFJ2681272,"US$ 35,268",2,-,4,Right,3BA-52CM30
https://carfromjapan.com/cheap-used-toyota-hiace-van-2019-for-sale-69bbe44a0d235c808237d54f,2800 cc(2.80 liters),2019 / Nov,"4,000 km(Approx. 2,486 miles)",1033***,Automatic,ウェルキャブASタイプ S03023,-,16.5 m3,Diesel,White,Auction Grade,CFJ2512988,"US$ 36,053",4,-,-,-,GDH206Kカイ
https://carfromjapan.com/cheap-used-subaru-forester-2025-for-sale-69a012aded81a3d004ac19b2,1800 cc(1.80 liters),2025 / Sep,"1,000 km(Approx. 622 miles)",SL5-007***,Automatic,スポーツ EX,4WD,17 m3,Petrol,Gray,Auction Grade,CFJ2403015,"US$ 32,912",5,-,5,-,3BA-SL5
https://carfromjapan.com/cheap-used-toyota-harrier-2022-for-sale-6a08b196032fc805a375311c,2000 cc(2.00 liters),2022 / Aug,"52,000 km(Approx. 32,318 miles)",MXUA85-0011***,Automatic,★2.0 S 4WD,4WD,14.56 m3,Petrol,Black,Auction Grade,CFJ2797726,"US$ 18,384",5,-,5,-,6BA-MXUA85
https://carfromjapan.com/cheap-used-toyota-hiace-van-2019-for-sale-6923c4509080346b3ebacc11,2000 cc(2.00 liters),2019 / Sep,"74,000 km(Approx. 45,991 miles)",TRH2000307***,Automatic,-,-,16.5 m3,Petrol,White,Auction Grade,CFJ1997385,"US$ 10,788",4,-,-,Right,CBF-TRH200K
https://carfromjapan.com/cheap-used-nissan-x-trail-2022-for-sale-69b9dd439c68685ec5c90fe4,1500 cc(1.50 liters),2022 / Nov,"18,700 km(Approx. 11,622 miles)",SNT33006***,Automatic,Ｓ　ｅ－４ＯＲＣＥ,4WD,17 m3,Hybrid,Silver,Auction Grade,CFJ2502257,"US$ 20,504",5,-,-,Right,SNT33
https://carfromjapan.com/cheap-used-volvo-xc60-2019-for-sale-6a08f89a032fc8ca187ce8f4,2000 cc(2.00 liters),2019 / Dec,"33,000 km(Approx. 20,510 miles)",YV1UZA8MCL1484***,Automatic,Ｄ４　ＡＷＤ　インスクリプション,4WD,17 m3,Diesel,White,Auction Grade,CFJ2797889,"US$ 26,896",5,-,5,Right,UD4204TXC
https://carfromjapan.com/cheap-used-subaru-forester-2025-for-sale-698faecd629dceae33dc52f4,1800 cc(1.80 liters),2025 / Jul,"3,700 km(Approx. 2,300 miles)",SL5004***,Automatic,スポーツ　ＥＸ,4WD,17 m3,Petrol,Other,Auction Grade,CFJ2344546,"US$ 32,127",5,-,5,Right,SL5
https://carfromjapan.com/cheap-used-nissan-x-trail-2020-for-sale-6a0488f3a329fa45949a2450,2000 cc(2.00 liters),2020 / Dec,"45,000 km(Approx. 27,968 miles)",T32-555***,Automatic,20Xi★後期★7人★プロパイロット★エ,2WD,14.85 m3,Petrol,Red,Auction Grade,CFJ2780622,"US$ 11,824",5,-,7,-,5BA-T32
https://carfromjapan.com/cheap-used-toyota-rav4-2021-for-sale-69b3476215dc0f7b91ebb41e,2500 cc(2.50 liters),2021 / Sep,"59,300 km(Approx. 36,855 miles)",AXAP540004***,Automatic,Ｇ　Ｚ,4WD,14.38 m3,Hybrid,Other,Auction Grade,CFJ2475227,"US$ 22,703",5,-,5,Right,AXAP54
https://carfromjapan.com/cheap-used-nissan-gt-r-2019-for-sale-6a0497834c42ba722c81de4d,3800 cc(3.80 liters),2019 / Dec,"8,000 km(Approx. 4,972 miles)",R35-130***,Automatic,ピュアエディション,4WD,12 m3,Petrol,Pearl,Auction Grade,CFJ2780867,"US$ 108,199",2,-,4,-,4BA-R35
https://carfromjapan.com/cheap-used-bmw-2-series-2022-for-sale-6a078970032fc8f8fe371eda,1500 cc(1.50 liters),2022 / -,"11,000 km(Approx. 6,837 miles)",WBA62BX0407L50***,Automatic,218i エクスクルーシブ,2WD,11 m3,Petrol,Blue,Auction Grade,CFJ2793269,"US$ 20,347",5,-,5,-,3BA-62BX15
https://carfromjapan.com/cheap-used-bmw-2-series-2022-for-sale-69a616a0427a297158a14884,1500 cc(1.50 liters),2022 / Nov,"8,000 km(Approx. 4,972 miles)",WBA62BXX0607L54***,Automatic,２１８ｉアクティブツアラー　Ｍスポーツ,-,11 m3,Petrol,White,Auction Grade,CFJ2424959,"US$ 20,897",5,-,5,Right,62BX15
https://carfromjapan.com/cheap-used-toyota-hiace-van-2020-for-sale-69f910bd1374d02a69e69aee,2800 cc(2.80 liters),2020 / Jan,"71,000 km(Approx. 44,127 miles)",GDH206-1033***,Automatic,ウェルキャブ 4WD,-,17.68 m3,Diesel,White,Auction Grade,CFJ2756489,"US$ 22,373",4,-,-,-,QDF-GDH206Kカイ
https://carfromjapan.com/cheap-used-bmw-2-series-2021-for-sale-69eb3250ac4038e7d86ca28e,2000 cc(2.00 liters),2021 / -,"27,000 km(Approx. 16,781 miles)",WBA32AM0707H01***,Automatic,218d プレイ,2WD,11.66 m3,Diesel,Red,Auction Grade,CFJ2706332,"US$ 11,832",4,-,5,-,3DA-7M20
https://carfromjapan.com/cheap-used-toyota-rav4-2019-for-sale-69d8bf42049d5f1975b1718a,2500 cc(2.50 liters),2019 / Nov,"49,000 km(Approx. 30,454 miles)",AXAH52-4002***,Automatic,ハイブリッドX,-,17 m3,Hybrid,Pearl,Auction Grade,CFJ2629628,"US$ 22,781",5,-,5,-,6AA-AXAH52
https://carfromjapan.com/cheap-used-toyota-rav4-2019-for-sale-69ed47e06159e517eec8846c,2000 cc(2.00 liters),2019 / Dec,"19,300 km(Approx. 11,995 miles)",MXAA542016***,Automatic,Ｘ,4WD,17 m3,Petrol,Other,Auction Grade,CFJ2712541,"US$ 18,855",5,-,5,Right,MXAA54
https://carfromjapan.com/cheap-used-subaru-forester-2025-for-sale-69e699897344fe0eed0a69e1,1800 cc(1.80 liters),2025 / Jul,"12,000 km(Approx. 7,458 miles)",SL5-004***,Automatic,スポーツ,-,17 m3,Petrol,Gray,Auction Grade,CFJ2683867,"US$ 30,006",5,-,-,-,SL5
https://carfromjapan.com/cheap-used-toyota-rav4-2021-for-sale-69e55ee2bacb664ca40ec53b,2000 cc(2.00 liters),2021 / May,"55,600 km(Approx. 34,556 miles)",MXAA524006***,Automatic,Ｘ,-,17 m3,Petrol,Other,Auction Grade,CFJ2679664,"US$ 16,439",5,-,5,Right,MXAA52
https://carfromjapan.com/cheap-used-toyota-rav4-2021-for-sale-69fab2400202b65212e113fe,2500 cc(2.50 liters),2021 / Nov,"45,000 km(Approx. 27,968 miles)",0005***,Automatic,2.5 G Z,-,17 m3,Petrol,Dark_blue,Auction Grade,CFJ2760607,"US$ 23,331",5,-,-,-,AXAP54
https://carfromjapan.com/cheap-used-toyota-rav4-2021-for-sale-6a025fcb29365f4f4f2ff751,2500 cc(2.50 liters),2021 / May,"12,000 km(Approx. 7,458 miles)",AXAP540002***,Automatic,ブラックトーン,4WD,17 m3,Hybrid,Other,Auction Grade,CFJ2774601,"US$ 29,692",5,-,5,Right,AXAP54
https://carfromjapan.com/cheap-used-subaru-forester-2025-for-sale-69e1b0c15d307cac771629f7,2500 cc(2.50 liters),2025 / Sep,"3,000 km(Approx. 1,865 miles)",SLG-010***,Automatic,プレミアムS:HEVEX4WD,-,17 m3,Hybrid,Brown,Auction Grade,CFJ2667201,"US$ 36,202",5,-,5,-,5AA-SLG
https://carfromjapan.com/cheap-used-toyota-rav4-2021-for-sale-69f5315bb371b1926ade8b0a,2500 cc(2.50 liters),2021 / Jun,"24,000 km(Approx. 14,916 miles)",AXAH524006***,Automatic,ハイブリッドＸ,-,17 m3,Hybrid,Other,Auction Grade,CFJ2744256,"US$ 23,488",5,-,5,Right,AXAH52
https://carfromjapan.com/cheap-used-subaru-forester-2019-for-sale-69f684bbb371b111ff273951,2000 cc(2.00 liters),2019 / Nov,"20,600 km(Approx. 12,803 miles)",SKE034***,Automatic,アドバンス,4WD,17 m3,Hybrid,Other,Auction Grade,CFJ2748500,"US$ 19,561",5,-,5,Right,SKE
https://carfromjapan.com/cheap-used-subaru-forester-2020-for-sale-69d2ed9a304e3d8fc4a24248,1800 cc(1.80 liters),2020 / Dec,"43,700 km(Approx. 27,160 miles)",SK5003***,Automatic,スポーツ,4WD,17 m3,Petrol,Green,Auction Grade,CFJ2607189,"US$ 14,965",5,-,5,Right,SK5
https://carfromjapan.com/cheap-used-toyota-rav4-2021-for-sale-6987e852b5ba4625c6008731,2500 cc(2.50 liters),2021 / Mar,"39,600 km(Approx. 24,612 miles)",AXAH544028***,Automatic,-,4WD,14.3 m3,Hybrid,Pearl,Auction Grade,CFJ2317650,"US$ 18,182",5,-,-,Right,6AA-AXAH54
https://carfromjapan.com/cheap-used-toyota-crown-2019-for-sale-69fbcb0e79c53837234ed417,2000 cc(2.00 liters),2019 / Oct,"21,500 km(Approx. 13,362 miles)",ARS2201003***,Automatic,B ダブルD.PナビTV セーフティセンス ドラレコ・レーダー付 Bi-Beam LEDヘッドランプ,-,12.82 m3,Petrol,Pearl,Auction Grade,CFJ2761542,"US$ 20,253",4,-,5,Right,3BA-ARS220
https://carfromjapan.com/cheap-used-subaru-forester-2025-for-sale-69e6b17232a97f6f6565a662,1800 cc(1.80 liters),2025 / Sep,"1,100 km(Approx. 684 miles)",SL5007***,Automatic,スポーツ　ＥＸ,4WD,17 m3,Petrol,Other,Auction Grade,CFJ2685022,"US$ 32,755",5,-,5,Right,SL5
https://carfromjapan.com/cheap-used-volvo-xc60-2021-for-sale-6a07864e6c3bf84b4067d19c,2000 cc(2.00 liters),2021 / -,"75,000 km(Approx. 46,613 miles)",YV1UZL1MCM1787***,Automatic,B5 AWD インスクリプション,4WD,17 m3,Hybrid,Black,Auction Grade,CFJ2793108,"US$ 19,954",5,-,5,-,5AA-UB420TXCM
https://carfromjapan.com/cheap-used-toyota-hiace-van-2019-for-sale-699e99c0ed81a34b006158de,2000 cc(2.00 liters),2019 / Sep,"48,000 km(Approx. 29,832 miles)",0307***,Automatic,2.0 ウェルキャブ Bタイプ 車椅子2脚仕,-,16.5 m3,Petrol,White,Auction Grade,CFJ2396566,"US$ 22,695",4,-,-,-,TRH200K KAI
https://carfromjapan.com/cheap-used-subaru-forester-2025-for-sale-695fda03090a22303d7b346a,2500 cc(2.50 liters),2025 / Sep,"3,000 km(Approx. 1,865 miles)",SLG-008***,Automatic,X-ブレイク S:HEV EX,4WD,17 m3,Hybrid,Black,Auction Grade,CFJ2183812,"US$ 36,289",5,-,5,-,5AA-SLG
https://carfromjapan.com/cheap-used-toyota-corolla-fielder-2021-for-sale-69ed7909ac40384ceae98dab,1500 cc(1.50 liters),2021 / Mar,"51,000 km(Approx. 31,697 miles)",NKE1657242***,Automatic,-,-,10.93 m3,Petrol,Silver,Auction Grade,CFJ2714200,"US$ 6,283",5,-,-,Right,6AA-NKE165G
https://carfromjapan.com/cheap-used-toyota-rav4-2019-for-sale-69603980090a229abc891c5d,2000 cc(2.00 liters),2019 / Oct,"45,500 km(Approx. 28,278 miles)",MXAA525002***,Automatic,Ｘ,-,17 m3,Petrol,Other,Auction Grade,CFJ2185997,"US$ 20,897",5,-,5,Right,MXAA52
https://carfromjapan.com/cheap-used-toyota-rav4-2019-for-sale-6a0655bd64ce682d780ec278,2000 cc(2.00 liters),2019 / Nov,"39,900 km(Approx. 24,798 miles)",MXAA542012***,Automatic,アドベンチャー,4WD,17 m3,Petrol,Other,Auction Grade,CFJ2787588,"US$ 21,368",5,-,5,Right,MXAA54
https://carfromjapan.com/cheap-used-toyota-rav4-2020-for-sale-69ce7862a7177f1cde0f9d2a,2000 cc(2.00 liters),2020 / Jul,"57,800 km(Approx. 35,923 miles)",MXAA524003***,Automatic,-,2WD,14.3 m3,Petrol,Black,Auction Grade,CFJ2586073,"US$ 15,838",5,-,5,Right,6BA-MXAA52
https://carfromjapan.com/cheap-used-bmw-2-series-2020-for-sale-6945e534aa308ce8fdd2203f,2000 cc(2.00 liters),2020 / Dec,"9,800 km(Approx. 6,091 miles)",WBA12AL0207G35***,Automatic,Ｍ２３５ｉ　ｘＤｒｉｖｅグランクーペ,4WD,15 m3,Petrol,Black,Auction Grade,CFJ2125876,"US$ 27,344",4,-,5,Right,7L20
https://carfromjapan.com/cheap-used-toyota-rav4-2021-for-sale-69b5ea28ab4bcf77f6f19137,2500 cc(2.50 liters),2021 / Oct,"19,200 km(Approx. 11,933 miles)",AXAP540005***,Automatic,Ｇ　Ｚ,4WD,17 m3,Hybrid,Other,Auction Grade,CFJ2486720,"US$ 25,451",5,-,5,Right,AXAP54
https://carfromjapan.com/cheap-used-toyota-rav4-2021-for-sale-6a0261a0d32bf94281957471,2500 cc(2.50 liters),2021 / Jan,"131,100 km(Approx. 81,479 miles)",AXAP540001***,Automatic,ﾌﾞﾗｯｸﾄｰﾝ,4WD,14.38 m3,Hybrid,Other,Auction Grade,CFJ2775076,"US$ 21,132",5,-,5,Other,AXAP54
https://carfromjapan.com/cheap-used-nissan-x-trail-2022-for-sale-69f500e7b371b17a03d8c689,1500 cc(1.50 liters),2022 / Sep,"24,000 km(Approx. 14,916 miles)",000***,Automatic,G,-,17 m3,Petrol,Pearl,Auction Grade,CFJ2743462,"US$ 21,760",5,-,-,-,T33
https://carfromjapan.com/cheap-used-subaru-forester-2025-for-sale-69e954033f68796625d8bce6,2500 cc(2.50 liters),2025 / Aug,"5,300 km(Approx. 3,294 miles)",SLG006***,Automatic,Ｘ－ブレイクＳ：ＨＥＶ　ＥＸ,4WD,17 m3,Hybrid,Other,Auction Grade,CFJ2696097,"US$ 36,438",5,-,5,Right,SLG
https://carfromjapan.com/cheap-used-bmw-2-series-2022-for-sale-69e172765d307c58700472ad,3000 cc(3.00 liters),2022 / -,"41,000 km(Approx. 25,482 miles)",WBA52CM0408C59***,Automatic,M240i xDrive,4WD,12 m3,Petrol,Pearl,Auction Grade,CFJ2666410,"US$ 35,268",2,-,4,-,3BA-52CM30
https://carfromjapan.com/cheap-used-toyota-rav4-2020-for-sale-69bb2f597023c62dd22a174e,2500 cc(2.50 liters),2020 / Oct,"28,700 km(Approx. 17,837 miles)",AXAP540001***,Automatic,ブラックトーン,4WD,17 m3,Hybrid,Other,Auction Grade,CFJ2509573,"US$ 24,666",5,-,5,Right,AXAP54
https://carfromjapan.com/cheap-used-nissan-note-2022-for-sale-69f68319b371b1178221f3b8,1200 cc(1.20 liters),2022 / Dec,500 km(Approx. 311 miles),FE13299***,Automatic,1.2 G,-,10.62 m3,Petrol,Other,Auction Grade,CFJ2747828,"US$ 11,448",5,-,5,Right,6AA-FE13
https://carfromjapan.com/cheap-used-subaru-forester-2021-for-sale-696ebb6669d6f681af835483,1800 cc(1.80 liters),2021 / Oct,"103,100 km(Approx. 64,077 miles)",SK5014***,Automatic,スポーツ/後期/サンルーフ,4WD,14.3 m3,Petrol,Black,Auction Grade,CFJ2231143,"US$ 14,512",5,-,5,Right,4BA-SK5
https://carfromjapan.com/cheap-used-bmw-2-series-2020-for-sale-69f92798a08a2d43a7cc78ac,2000 cc(2.00 liters),2020 / Nov,"28,200 km(Approx. 17,526 miles)",WBA32AM0607G59***,Automatic,218dｸﾞﾗﾝｸｰﾍﾟﾌﾟﾚｲEdｼﾞｮｲﾌﾟﾗｽ,2WD,11.9 m3,Diesel,Other,Auction Grade,CFJ2756821,"US$ 11,832",4,-,5,Other,7M20
https://carfromjapan.com/cheap-used-subaru-forester-2019-for-sale-69e560a27210447b57594957,2500 cc(2.50 liters),2019 / Oct,"66,800 km(Approx. 41,516 miles)",SK9029***,Automatic,プレミアム,4WD,17 m3,Petrol,Other,Auction Grade,CFJ2680713,"US$ 15,518",5,-,5,Right,SK9
https://carfromjapan.com/cheap-used-toyota-rav4-2020-for-sale-69f7d6e99684927fae772427,2500 cc(2.50 liters),2020 / Jun,"66,700 km(Approx. 41,454 miles)",AXAH524003***,Automatic,ハイブリッドＸ,-,17 m3,Hybrid,Other,Auction Grade,CFJ2755063,"US$ 20,739",5,-,5,Right,AXAH52
https://carfromjapan.com/cheap-used-subaru-forester-2019-for-sale-6a04acf5a329faee38a0acf8,2000 cc(2.00 liters),2019 / Sep,"30,000 km(Approx. 18,645 miles)",SKE-031***,Automatic,アドバンス,4WD,17 m3,Hybrid,Pearl,Auction Grade,CFJ2781326,"US$ 19,561",5,-,5,-,5AA-SKE
https://carfromjapan.com/cheap-used-toyota-rav4-2019-for-sale-6a048376a329fa1390990945,2500 cc(2.50 liters),2019 / Nov,"88,000 km(Approx. 54,692 miles)",AXAH54-2006***,Automatic,G,4WD,17 m3,Hybrid,Pearl,Auction Grade,CFJ2780304,"US$ 20,331",5,-,5,-,6AA-AXAH54
https://carfromjapan.com/cheap-used-toyota-land-cruiser-prado-2020-for-sale-6a053830a329fa0d5bc7b738,2800 cc(2.80 liters),2020 / Sep,"78,905 km(Approx. 49,040 miles)",GDJ151-0009***,Automatic,TZ-G,4WD,17.04 m3,Diesel,-,Auction Grade,CFJ2785143,"US$ 39,856",6,-,7,Right,3DA-GDJ151W
https://carfromjapan.com/cheap-used-toyota-rav4-2021-for-sale-69f25ccab371b15a4657fbbb,2500 cc(2.50 liters),2021 / May,"115,000 km(Approx. 71,473 miles)",AXAP54-0002***,Automatic,G Z,4WD,14.38 m3,Hybrid,Black,Auction Grade,CFJ2731500,"US$ 20,952",5,-,5,-,6LA-AXAP54
https://carfromjapan.com/cheap-used-toyota-rav4-2019-for-sale-69b56f7cab4bcf219ce1aa8d,2019 cc(2.02 liters),2019 / Nov,"110,200 km(Approx. 68,490 miles)",MXAA545004***,Automatic,-,4WD,14.3 m3,Petrol,White,Auction Grade,CFJ2485958,"US$ 15,373",5,-,5,Right,6BA-MXAA54
https://carfromjapan.com/cheap-used-toyota-rav4-2021-for-sale-69ed48b86159e5feb2cb19fc,2500 cc(2.50 liters),2021 / Jun,"25,200 km(Approx. 15,662 miles)",AXAH524006***,Automatic,ハイブリッドＸ,-,17 m3,Hybrid,Other,Auction Grade,CFJ2712762,"US$ 23,488",5,-,5,Right,AXAH52
https://carfromjapan.com/cheap-used-toyota-rav4-2026-for-sale-69dad28014952dbefd0e2d6e,2500 cc(2.50 liters),2026 / Feb,700 km(Approx. 435 miles),AXAN643001***,Automatic,アドベンチャー,4WD,17 m3,Hybrid,Other,Auction Grade,CFJ2638208,"US$ 39,980",5,-,5,Right,AXAN64
https://carfromjapan.com/cheap-used-nissan-note-2021-for-sale-69f68328b371b19fa9222701,1200 cc(1.20 liters),2021 / Oct,"8,500 km(Approx. 5,283 miles)",FSNE13501***,Automatic,1.2 G ﾚｻﾞｰ FOUR,4WD,10.62 m3,Petrol,Other,Auction Grade,CFJ2747858,"US$ 11,448",5,-,5,Right,6AA-FSNE13
https://carfromjapan.com/cheap-used-toyota-land-cruiser-prado-2022-for-sale-69deeb774e6f91aed22f91ff,2700 cc(2.70 liters),2022 / Oct,"16,300 km(Approx. 10,131 miles)",TRJ1500150***,Automatic,-,4WD,17.13 m3,Petrol,Pearl,Auction Grade,CFJ2656495,"US$ 26,429",5,-,-,Right,3BA-TRJ150W
https://carfromjapan.com/cheap-used-toyota-rav4-2020-for-sale-69fd3df90202b61f7b6875d6,2000 cc(2.00 liters),2020 / Aug,"27,800 km(Approx. 17,278 miles)",MXAA544018***,Automatic,-,4WD,14.3 m3,Petrol,Black,Auction Grade,CFJ2764203,"US$ 16,234",5,-,-,Right,6BA-MXAA54
https://carfromjapan.com/cheap-used-subaru-forester-2021-for-sale-6a03b6f6a329fae06875c2bc,1800 cc(1.80 liters),2021 / Jun,"53,100 km(Approx. 33,002 miles)",SK5005***,Automatic,スポーツ,4WD,17 m3,Petrol,Silver,Auction Grade,CFJ2779354,"US$ 16,048",5,-,5,Right,SK5
https://carfromjapan.com/cheap-used-subaru-forester-2019-for-sale-69f4074db371b140fbc06d57,2500 cc(2.50 liters),2019 / Sep,"15,000 km(Approx. 9,323 miles)",SK9-027***,Automatic,X-ブレイク,4WD,17 m3,Petrol,Pearl,Auction Grade,CFJ2738538,"US$ 19,954",5,-,5,-,5BA-SK9
https://carfromjapan.com/cheap-used-toyota-rav4-2021-for-sale-698fa1a4629dce67ead6c72d,2500 cc(2.50 liters),2021 / Apr,"65,000 km(Approx. 40,398 miles)",AXAP54-0002***,Automatic,2.5 BLACK TONE,2WD,14.38 m3,Hybrid,Red,Auction Grade,CFJ2343359,"US$ 23,095",5,-,5,-,6LA-AXAP54
https://carfromjapan.com/cheap-used-toyota-rav4-2021-for-sale-6980fa2ad5ee073e58850d2c,2500 cc(2.50 liters),2021 / Mar,"93,000 km(Approx. 57,800 miles)",AXAP54-0002***,Automatic,2.5 BLACK TONE 4WD,4WD,14.38 m3,Hybrid,Other,Auction Grade,CFJ2290483,"US$ 21,132",5,-,5,-,6LA-AXAP54
https://carfromjapan.com/cheap-used-subaru-forester-2019-for-sale-69bc85d2fbd7adb2fabccd11,2000 cc(2.00 liters),2019 / Dec,"15,900 km(Approx. 9,882 miles)",SKE031***,Automatic,アドバンス,4WD,14.4 m3,Petrol,Pearl,Auction Grade,CFJ2516145,"US$ 17,991",5,-,5,Right,5AA-SKE
https://carfromjapan.com/cheap-used-toyota-rav4-2019-for-sale-69b6785dddf0333810fb3f47,2000 cc(2.00 liters),2019 / Nov,"30,000 km(Approx. 18,645 miles)",MXAA52-4002***,Automatic,X,-,17 m3,Petrol,Pearl,Auction Grade,CFJ2490601,"US$ 19,671",5,-,5,-,6BA-MXAA52
https://carfromjapan.com/cheap-used-bmw-2-series-2022-for-sale-698e5f8134c5461aad808841,2000 cc(2.00 liters),2022 / Aug,"49,900 km(Approx. 31,013 miles)",WBA12AL0X07L10***,Automatic,Ｍ２３５ｉ　ｘＤｒｉｖｅグランクーペ,4WD,15 m3,Petrol,Black,Auction Grade,CFJ2338021,"US$ 21,273",4,-,5,Right,7L20
https://carfromjapan.com/cheap-used-bmw-2-series-2022-for-sale-69a0d5052feb6747dbd8fcc4,2000 cc(2.00 liters),2022 / Oct,"50,000 km(Approx. 31,075 miles)",WBA22BY0807L45***,Automatic,２１８ｄアクティブツアラー,2WD,12.6 m3,Diesel,White,Auction Grade,CFJ2406739,"US$ 18,384",5,-,5,Right,22BY20
https://carfromjapan.com/cheap-used-toyota-rav4-2019-for-sale-69af510d36beeea1cdfa4402,2500 cc(2.50 liters),2019 / Dec,"32,900 km(Approx. 20,447 miles)",AXAH544012***,Automatic,ハイブリッドＧ,4WD,17 m3,Hybrid,Other,Auction Grade,CFJ2458059,"US$ 22,310",5,-,5,Right,AXAH54
https://carfromjapan.com/cheap-used-toyota-rav4-2019-for-sale-69fe716b96adc378ead376e1,2000 cc(2.00 liters),2019 / Nov,"31,800 km(Approx. 19,764 miles)",MXAA544010***,Automatic,4WD_G_Zパッケージ,4WD,17 m3,Petrol,Pearl,Auction Grade,CFJ2768352,"US$ 21,116",5,-,5,Right,6BA-MXAA54
https://carfromjapan.com/cheap-used-subaru-forester-2019-for-sale-6a080cb56c3bf8425f96f9f4,2500 cc(2.50 liters),2019 / Sep,"51,000 km(Approx. 31,697 miles)",SK9-028***,Automatic,プレミアム 4WD,-,17 m3,Petrol,Other,Auction Grade,CFJ2796226,"US$ 14,358",5,-,-,-,5BA-SK9
https://carfromjapan.com/cheap-used-toyota-rav4-2021-for-sale-69b88bb6d1656c9bf636993a,2500 cc(2.50 liters),2021 / Mar,"92,800 km(Approx. 57,676 miles)",AXAP540002***,Automatic,ブラックトーン,4WD,17 m3,Hybrid,Red,Auction Grade,CFJ2496887,"US$ 21,525",5,-,5,Right,AXAP54
https://carfromjapan.com/cheap-used-toyota-hiace-van-2020-for-sale-69fcedaf0202b636fa433a54,2800 cc(2.80 liters),2020 / Mar,"114,000 km(Approx. 70,851 miles)",GDH206-1036***,Automatic,ウェルキャブ,-,17.68 m3,Diesel,White,Auction Grade,CFJ2762848,"US$ 20,017",4,-,-,-,QDF-GDH206Kカイ
https://carfromjapan.com/cheap-used-subaru-forester-2019-for-sale-69682448fe76744ee21bf99c,2000 cc(2.00 liters),2019 / Sep,"25,300 km(Approx. 15,724 miles)",SKE030***,Automatic,アドバンス,4WD,17 m3,Hybrid,Other,Auction Grade,CFJ2208786,"US$ 18,776",5,-,5,Right,SKE
https://carfromjapan.com/cheap-used-subaru-forester-2025-for-sale-69a8bb86113d6c64e18b8b2e,1800 cc(1.80 liters),2025 / Nov,"1,600 km(Approx. 994 miles)",SL5008***,Automatic,スポーツ　ＥＸ　ブラックセレクション,4WD,17 m3,Petrol,Other,Auction Grade,CFJ2435595,"US$ 33,697",5,-,5,Right,SL5
https://carfromjapan.com/cheap-used-toyota-rav4-2021-for-sale-6a03b349a329fa89fe6c7011,2000 cc(2.00 liters),2021 / Nov,"76,500 km(Approx. 47,545 miles)",MXAA525005***,Automatic,X,2WD,14.3 m3,Petrol,Other,Auction Grade,CFJ2778904,"US$ 18,148",5,-,5,Other,MXAA52
https://carfromjapan.com/cheap-used-volvo-xc60-2021-for-sale-69fbcc150202b646cd0ebca6,2000 cc(2.00 liters),2021 / Apr,"12,000 km(Approx. 7,458 miles)",YV1UZL1MCM1782***,Automatic,B5 AWD モメンタム 4WD,4WD,17 m3,Hybrid,Gray,Auction Grade,CFJ2761567,"US$ 23,410",5,-,5,Right,5AA-UB420TXCM
https://carfromjapan.com/cheap-used-toyota-hiace-van-2020-for-sale-69190b132d3d844edddf954f,2700 cc(2.70 liters),2020 / Oct,"37,400 km(Approx. 23,244 miles)",TRH2118009***,Automatic,スーパーＧＬ ダークプライムⅡ,-,19.15 m3,Petrol,Purple,Auction Grade,CFJ1960828,"US$ 21,980",5,-,5,Right,3BF-TRH211K
https://carfromjapan.com/cheap-used-toyota-land-cruiser-2024-for-sale-69ec7e77c15b58c1183b7b63,3500 cc(3.50 liters),2024 / Jul,"4,000 km(Approx. 2,486 miles)",VJA300-4153***,Automatic,ZX,4WD,19.05 m3,Petrol,Pearl,Auction Grade,CFJ2711628,"US$ 59,462",5,-,7,Right,3BA-VJA300W
https://carfromjapan.com/cheap-used-subaru-forester-2021-for-sale-69f3dfabb371b16a1d9d802d,1800 cc(1.80 liters),2021 / Mar,"61,200 km(Approx. 38,036 miles)",SK5005***,Automatic,1.8 スポーツ 4WD,4WD,14.47 m3,Petrol,Pearl,Auction Grade,CFJ2735630,"US$ 16,055",5,-,5,Right,4BA-SK5
https://carfromjapan.com/cheap-used-subaru-forester-2019-for-sale-69f6846db371b1c47c264024,2000 cc(2.00 liters),2019 / Sep,"38,300 km(Approx. 23,804 miles)",SKE030***,Automatic,アドバンス,4WD,17 m3,Hybrid,Other,Auction Grade,CFJ2748333,"US$ 19,012",5,-,5,Right,SKE
https://carfromjapan.com/cheap-used-toyota-hiace-van-2021-for-sale-68a8f81a3f13042e5db0c180,2700 cc(2.70 liters),2021 / Jun,"43,000 km(Approx. 26,725 miles)",TRH221K0097***,Automatic,8ナンバーキャンピング　ノニデル,-,16.5 m3,Petrol,White,Auction Grade,CFJ1572412,"US$ 32,825",4,-,5,Right,3BF-TRH221K
https://carfromjapan.com/cheap-used-toyota-hiace-van-2020-for-sale-69d796cfb117fa633caf75cc,2000 cc(2.00 liters),2020 / Jul,"30,000 km(Approx. 18,645 miles)",TRH200-0322***,Automatic,ロングDX ウェルキャブ,-,16.5 m3,Petrol,White,Auction Grade,CFJ2623253,"US$ 21,823",4,-,-,-,3BF-TRH200K
https://carfromjapan.com/cheap-used-toyota-land-cruiser-prado-2021-for-sale-6a0283e8d32bf975e0aed337,2700 cc(2.70 liters),2021 / Jul,"28,500 km(Approx. 17,713 miles)",TRJ1500130***,Automatic,-,4WD,17.13 m3,Petrol,Black,Auction Grade,CFJ2776115,"US$ 26,884",5,-,-,Right,3BA-TRJ150W
https://carfromjapan.com/cheap-used-toyota-rav4-2021-for-sale-6a02610ed32bf9a25393bb78,2500 cc(2.50 liters),2021 / Jun,"51,400 km(Approx. 31,945 miles)",AXAP540003***,Automatic,ブラックトーン,4WD,17 m3,Hybrid,Other,Auction Grade,CFJ2774796,"US$ 26,237",5,-,5,Right,AXAP54
https://carfromjapan.com/cheap-used-toyota-hiace-van-2021-for-sale-6a028c3c29365f252e5395a7,2700 cc(2.70 liters),2021 / -,"81,000 km(Approx. 50,342 miles)",TRH221-0098***,Automatic,ワイド DX スーパーロング HR,2WD,16.5 m3,Petrol,White,Auction Grade,CFJ2776195,"US$ 25,687",4,-,6,-,3BF-TRH221K
https://carfromjapan.com/cheap-used-subaru-forester-2020-for-sale-6a03b6d7a329fa9c9b757788,2000 cc(2.00 liters),2020 / Sep,"103,500 km(Approx. 64,326 miles)",SKE042***,Automatic,ｱﾄﾞﾊﾞﾝｽ,4WD,14.47 m3,Hybrid,Other,Auction Grade,CFJ2779333,"US$ 11,448",5,-,5,Other,SKE
https://carfromjapan.com/cheap-used-toyota-rav4-2020-for-sale-6a0487304c42ba77ac805269,2500 cc(2.50 liters),2020 / Feb,"45,000 km(Approx. 27,968 miles)",AXAH52-4003***,Automatic,X,2WD,17 m3,Hybrid,Black,Auction Grade,CFJ2780510,"US$ 20,739",5,-,5,-,6AA-AXAH52
https://carfromjapan.com/cheap-used-toyota-rav4-2021-for-sale-6a0655d7a329fa8d4feb2731,2000 cc(2.00 liters),2021 / Feb,"33,400 km(Approx. 20,758 miles)",MXAA524005***,Automatic,Ｘ,-,17 m3,Petrol,Other,Auction Grade,CFJ2787623,"US$ 19,561",5,-,5,Right,MXAA52
https://carfromjapan.com/cheap-used-subaru-forester-2025-for-sale-6921f848c5884d8bb1474359,2500 cc(2.50 liters),2025 / Aug,"5,000 km(Approx. 3,108 miles)",SLG-006***,Automatic,X-ブレイク S:HEV EX,4WD,17 m3,Hybrid,Black,Auction Grade,CFJ1990830,"US$ 36,438",5,-,5,-,5AA-SLG
https://carfromjapan.com/cheap-used-toyota-land-cruiser-prado-2021-for-sale-69cefa7d78dc8c41bc7905ed,2800 cc(2.80 liters),2021 / Mar,"39,000 km(Approx. 24,239 miles)",GDJ1500060***,Automatic,TX,4WD,17 m3,Diesel,Other,Auction Grade,CFJ2590422,"US$ 31,027",5,-,5,Right,3DA-GDJ150W
https://carfromjapan.com/cheap-used-subaru-forester-2019-for-sale-69f6e490968492faf358d3aa,2000 cc(2.00 liters),2019 / Nov,"21,000 km(Approx. 13,052 miles)",SKE-034***,Automatic,アドバンス,4WD,17 m3,Hybrid,Black,Auction Grade,CFJ2751598,"US$ 19,561",5,-,5,-,5AA-SKE
https://carfromjapan.com/cheap-used-subaru-forester-2021-for-sale-695ee6c9bc7b740b479f9e41,1800 cc(1.80 liters),2021 / Mar,"86,400 km(Approx. 53,698 miles)",SK5006***,Automatic,スポーツ,4WD,14.47 m3,Petrol,Pearl,Auction Grade,CFJ2180801,"US$ 14,512",5,-,5,Right,SK5
https://carfromjapan.com/cheap-used-toyota-rav4-2022-for-sale-69f927dd1374d01e66f0aba7,2500 cc(2.50 liters),2022 / Sep,"151,600 km(Approx. 94,220 miles)",AXAP540007***,Automatic,G_Z,4WD,14.38 m3,Hybrid,Other,Auction Grade,CFJ2756953,"US$ 20,818",5,-,5,Other,AXAP54
https://carfromjapan.com/cheap-used-bmw-2-series-2022-for-sale-69b1f59cd4a1a4dd305066ca,2000 cc(2.00 liters),2022 / Oct,"34,000 km(Approx. 21,131 miles)",WBA22BY0X07L45***,Automatic,２１８ｄアクティブツアラー　エクスクルーシブ,-,11 m3,Diesel,White,Auction Grade,CFJ2470720,"US$ 20,347",5,-,5,Right,22BY20
https://carfromjapan.com/cheap-used-toyota-rav4-2019-for-sale-6a065ba164ce68812e1eea3b,2000 cc(2.00 liters),2019 / Oct,"50,000 km(Approx. 31,075 miles)",MXAA545004***,Automatic,G “Z package”,4WD,17 m3,Petrol,Other,Auction Grade,CFJ2788844,"US$ 21,368",5,-,5,Right,6BA-MXAA54
https://carfromjapan.com/cheap-used-volkswagen-polo-2020-for-sale-69fb10f8c15b58c11882d11c,990 cc(0.99 liters),2020 / Mar,"43,800 km(Approx. 27,222 miles)",WVWZZZAWZLU063***,Automatic,TSI CONFORT LINE,2WD,10.3 m3,Petrol,Orange,Auction Grade,CFJ2760990,"US$ 7,500",5,-,5,Right,ABA-AWCHZ
https://carfromjapan.com/cheap-used-toyota-rav4-2019-for-sale-69603ca5090a22ba6992a5e7,2500 cc(2.50 liters),2019 / Oct,"19,000 km(Approx. 11,809 miles)",AXAH544010***,Automatic,HYBRID G,4WD,17 m3,Hybrid,Other,Auction Grade,CFJ2187034,"US$ 25,844",5,-,5,Right,6AA-AXAH54
https://carfromjapan.com/cheap-used-toyota-rav4-2019-for-sale-6a069b7664ce68e171310756,2000 cc(2.00 liters),2019 / Nov,"40,000 km(Approx. 24,860 miles)",MXAA54-2012***,Automatic,アドベンチャー,4WD,17 m3,Petrol,Green,Auction Grade,CFJ2789682,"US$ 21,368",5,-,5,-,6BA-MXAA54
https://carfromjapan.com/cheap-used-toyota-rav4-2019-for-sale-69f6842cb371b1793225806b,2000 cc(2.00 liters),2019 / Nov,"42,500 km(Approx. 26,414 miles)",MXAA545004***,Automatic,G_Zﾊﾟｯｹｰｼﾞ,4WD,14.38 m3,Petrol,Other,Auction Grade,CFJ2748182,"US$ 19,954",5,-,5,Other,MXAA54
https://carfromjapan.com/cheap-used-toyota-rav4-2019-for-sale-69f3e437968492f150d04e7c,2000 cc(2.00 liters),2019 / Sep,"36,000 km(Approx. 22,374 miles)",MXAA545004***,Automatic,Ｇ　Ｚパッケージ,4WD,17 m3,Petrol,Other,Auction Grade,CFJ2736971,"US$ 20,268",5,-,5,Right,MXAA54
https://carfromjapan.com/cheap-used-subaru-forester-2022-for-sale-6a07ac7f6c3bf8e90d7d2c69,1800 cc(1.80 liters),2022 / Mar,"9,200 km(Approx. 5,718 miles)",SK5020***,Automatic,スポーツ,4WD,17 m3,Petrol,Silver,Auction Grade,CFJ2795926,"US$ 20,339",5,-,5,Right,SK5
https://carfromjapan.com/cheap-used-volvo-xc60-2021-for-sale-6a08f74d032fc80d17797c96,2000 cc(2.00 liters),2021 / Jul,"58,100 km(Approx. 36,109 miles)",YV1UZL1MCM1826***,Automatic,Ｂ５　ＡＷＤ　インスクリプション,4WD,17 m3,Hybrid,Brown,Auction Grade,CFJ2797785,"US$ 22,821",5,-,5,Right,UB420TXCM
https://carfromjapan.com/cheap-used-toyota-hiace-van-2019-for-sale-6a05047a4aa46807008b8f6d,2700 cc(2.70 liters),2019 / Sep,"51,900 km(Approx. 32,256 miles)",TRH2168010***,Automatic,ﾛﾝｸﾞｽｰﾊﾟｰGL,4WD,19.11 m3,Petrol,Other,Auction Grade,CFJ2783471,"US$ 20,818",5,-,-,Other,TRH216K
https://carfromjapan.com/cheap-used-toyota-rav4-2019-for-sale-69891a9c8b74534610d3ed19,2000 cc(2.00 liters),2019 / Sep,"29,200 km(Approx. 18,148 miles)",MXAA542010***,Automatic,アドベンチャー,4WD,17 m3,Petrol,Other,Auction Grade,CFJ2323643,"US$ 20,268",5,-,5,Right,MXAA54
https://carfromjapan.com/cheap-used-nissan-x-trail-2021-for-sale-698e5da834c546991f7b713d,2000 cc(2.00 liters),2021 / Oct,"49,000 km(Approx. 30,454 miles)",HT32163***,Automatic,20Xi HYBRID,-,17 m3,Hybrid,Other,Auction Grade,CFJ2337383,"US$ 14,520",5,-,5,Right,5AA-HT32
https://carfromjapan.com/cheap-used-volvo-xc60-2020-for-sale-69bc85ab0d235c3e8e53dce6,2000 cc(2.00 liters),2020 / Jul,"72,800 km(Approx. 45,245 miles)",YV1UZL1MCL1558***,Automatic,Ｂ５　ＡＷＤ　インスクリプション,4WD,17 m3,Hybrid,Gray,Auction Grade,CFJ2516014,"US$ 18,933",5,-,5,Right,UB420TXCM
https://carfromjapan.com/cheap-used-toyota-alphard-2025-for-sale-695cfe07c15b58c118ab985b,2490 cc(2.49 liters),2025 / Jun,"6,000 km(Approx. 3,729 miles)",AGH40-4028***,Automatic,Z,2WD,17.82 m3,Petrol,White,Auction Grade,CFJ2176325,"US$ 55,000",5,-,7,Right,3BA- AGH40W
https://carfromjapan.com/cheap-used-subaru-forester-2021-for-sale-692e297cef0b8719c7e1f7aa,2000 cc(2.00 liters),2021 / Mar,"79,900 km(Approx. 49,658 miles)",SKE050***,Automatic,アドバンス,4WD,18 m3,Hybrid,Silver,Auction Grade,CFJ2033278,"US$ 10,849",5,-,5,Right,SKE
https://carfromjapan.com/cheap-used-toyota-rav4-2021-for-sale-6a097c256c3bf8ac24dd3cd3,2500 cc(2.50 liters),2021 / May,"28,000 km(Approx. 17,402 miles)",4006***,Automatic,ハイブリッドX,-,17 m3,Petrol,Red,Auction Grade,CFJ2800258,"US$ 16,362",5,-,-,-,AXAH52
https://carfromjapan.com/cheap-used-subaru-forester-2025-for-sale-69e2bbcd5d307c147e34cbd1,2500 cc(2.50 liters),2025 / Aug,"1,900 km(Approx. 1,181 miles)",SLG005***,Automatic,プレミアムＳ：ＨＥＶ　ＥＸ,4WD,17 m3,Hybrid,Other,Auction Grade,CFJ2671158,"US$ 39,187",5,-,5,Right,SLG
https://carfromjapan.com/cheap-used-toyota-rav4-2019-for-sale-69a2223bed81a30543006eb9,2000 cc(2.00 liters),2019 / Sep,"57,300 km(Approx. 35,612 miles)",MXAA545004***,Automatic,Ｇ,4WD,17 m3,Petrol,Other,Auction Grade,CFJ2411179,"US$ 18,305",5,-,5,Right,MXAA54
https://carfromjapan.com/cheap-used-toyota-rav4-2019-for-sale-6a08a9ff6c3bf854a3a9e57a,2500 cc(2.50 liters),2019 / Nov,"60,000 km(Approx. 37,290 miles)",AXAH54-4010***,Automatic,G,4WD,17 m3,Hybrid,Pearl,Auction Grade,CFJ2797349,"US$ 22,546",5,-,5,-,6AA-AXAH54
https://carfromjapan.com/cheap-used-daihatsu-hijet-truck-2019-for-sale-69d0497e304e3d44361eaad9,660 cc(0.66 liters),2019 / Sep,"17,700 km(Approx. 11,001 miles)",S510P0289***,Manual,エクストラＳＡⅢｔ,4WD,8.91 m3,Petrol,Pink,Auction Grade,CFJ2596543,"US$ 6,534",2,-,2,Right,3BD-S510P
https://carfromjapan.com/cheap-used-toyota-rav4-2021-for-sale-6993274b3a4a6f576877d2ff,2000 cc(2.00 liters),2021 / Jul,"9,300 km(Approx. 5,780 miles)",MXAA524006***,Automatic,-,2WD,14.3 m3,Petrol,Pearl,Auction Grade,CFJ2355866,"US$ 18,044",5,-,5,Right,6BA-MXAA52
https://carfromjapan.com/cheap-used-toyota-rav4-2019-for-sale-69dc2999a6e26666013a5c3c,2500 cc(2.50 liters),2019 / Oct,"78,200 km(Approx. 48,602 miles)",AXAH544009***,Automatic,4WD  ハイブリッドG,4WD,17 m3,Petrol,Pearl,Auction Grade,CFJ2646584,"US$ 20,425",5,-,5,Right,6AA-AXAH54
https://carfromjapan.com/cheap-used-volvo-xc60-2024-for-sale-6938b42aded52f7156211fb4,1960 cc(1.96 liters),2024 / Jun,"7,000 km(Approx. 4,351 miles)",LYVUZL1M6RB850***,Automatic,アルティメット Ｂ５ ＡＷＤ,4WD,14.86 m3,Petrol,Silver,Auction Grade,CFJ2074848,"US$ 35,268",5,-,5,Right,5AA-UB420TXCM2A
https://carfromjapan.com/cheap-used-subaru-forester-2019-for-sale-69f533b1b371b1248fe54972,2000 cc(2.00 liters),2019 / Sep,"49,800 km(Approx. 30,951 miles)",SKE030***,Automatic,アドバンス,4WD,17 m3,Hybrid,Other,Auction Grade,CFJ2745231,"US$ 17,755",5,-,5,Right,SKE
https://carfromjapan.com/cheap-used-honda-acty-truck-2020-for-sale-69d5f888c15b58c1181f2c5d,656 cc(0.66 liters),2020 / Mar,"116,000 km(Approx. 72,094 miles)",HA9-1503***,Manual,SDX 4WD,4WD,8.67 m3,Petrol,White,Auction Grade,CFJ2618613,"US$ 3,700",2,-,2,Right,EBD-HA9
https://carfromjapan.com/cheap-used-nissan-x-trail-2021-for-sale-698ddee0629dce04268d9654,2000 cc(2.00 liters),2021 / Oct,"48,000 km(Approx. 29,832 miles)",HT32-163***,Automatic,20Xi,2WD,17 m3,Hybrid,Black,Auction Grade,CFJ2335881,"US$ 14,520",5,-,5,-,5AA-HT32
https://carfromjapan.com/cheap-used-toyota-rav4-2021-for-sale-6a077dc5032fc82852361172,2000 cc(2.00 liters),2021 / -,"44,000 km(Approx. 27,346 miles)",5004***,Automatic,X,-,17 m3,Petrol,Red,Auction Grade,CFJ2792707,"US$ 17,166",5,-,-,-,MXAA52
https://carfromjapan.com/cheap-used-toyota-hilux-2022-for-sale-6a0283ea29365f7922528c91,2400 cc(2.40 liters),2022 / May,"79,900 km(Approx. 49,658 miles)",GUN1253935***,Automatic,-,4WD,18.6 m3,Diesel,Black,Auction Grade,CFJ2776116,"US$ 26,299",4,-,-,Right,3DF-GUN125
https://carfromjapan.com/cheap-used-toyota-rav4-2020-for-sale-68dc8b6f1171d35f18b3c5f1,2500 cc(2.50 liters),2020 / Oct,"29,000 km(Approx. 18,024 miles)",AXAP54-0001***,Automatic,ブラックトーン,4WD,14.38 m3,Hybrid,Red,Auction Grade,CFJ1747599,"US$ 24,666",5,-,5,-,6LA-AXAP54
https://carfromjapan.com/cheap-used-toyota-rav4-2019-for-sale-66a6cd7c19cd4123e54a11b0,2000 cc(2.00 liters),2019 / Sep,"16,600 km(Approx. 10,317 miles)",4009***,Automatic,Ｇ Ｚパッケージ★トヨタセーフティセンス付！,4WD,14.38 m3,Petrol,Pearl,Auction Grade,CFJ0052523,"US$ 25,868",5,-,5,Right,6BA-MXAA54
https://carfromjapan.com/cheap-used-bmw-2-series-2022-for-sale-69c5be0bec8c2c0d5f05d9b5,2000 cc(2.00 liters),2022 / Mar,"20,000 km(Approx. 12,430 miles)",WBA12CM0108C40***,Automatic,220i ｸｰﾍﾟ M Sport,-,12 m3,Petrol,Other,Auction Grade,CFJ2550251,"US$ 27,179",2,-,-,Right,3BA-12CM20
https://carfromjapan.com/cheap-used-land-rover-range-rover-velar-2024-for-sale-6a050414a329fa1337ab2b73,2000 cc(2.00 liters),2024 / Oct,"10,000 km(Approx. 6,215 miles)",SALYA2AY3SA399***,Automatic,ダイナミック　ＨＳＥ　Ｐ４００ｅ,4WD,17 m3,Other,Other,Auction Grade,CFJ2783275,"US$ 46,693",5,-,5,Right,LY2YD
https://carfromjapan.com/cheap-used-volvo-xc60-2019-for-sale-69d19ae6fed37d42a6800861,2000 cc(2.00 liters),2019 / Sep,"45,300 km(Approx. 28,154 miles)",YV1UZA8MCL1436***,Automatic,Ｄ４　ＡＷＤ　インスクリプション,4WD,17 m3,Diesel,Other,Auction Grade,CFJ2601007,"US$ 23,881",5,-,5,Right,UD4204TXC
https://carfromjapan.com/cheap-used-toyota-land-cruiser-prado-2019-for-sale-6a053831a329faa0dfc7b866,2690 cc(2.69 liters),2019 / Nov,"43,816 km(Approx. 27,232 miles)",TRJ150-0107***,Automatic,TX-L PKG,4WD,17.22 m3,Petrol,Black,Auction Grade,CFJ2785149,"US$ 33,323",6,-,7,Right,CBA-TRJ150W
https://carfromjapan.com/cheap-used-subaru-forester-2019-for-sale-69fd591179c5383d4aad21e2,2000 cc(2.00 liters),2019 / Sep,"38,000 km(Approx. 23,617 miles)",SKE-030***,Automatic,アドバンス,4WD,17 m3,Hybrid,Gray,Auction Grade,CFJ2764781,"US$ 19,169",5,-,5,-,5AA-SKE
https://carfromjapan.com/cheap-used-toyota-rav4-2022-for-sale-69e16b515d307cbf0ef340aa,2500 cc(2.50 liters),2022 / Mar,"39,000 km(Approx. 24,239 miles)",AXAP540006***,Automatic,Ｇ　Ｚ,4WD,17 m3,Hybrid,Other,Auction Grade,CFJ2664495,"US$ 26,001",5,-,5,Right,AXAP54
https://carfromjapan.com/cheap-used-toyota-rav4-2019-for-sale-69c85db4c5d5d56058cf618f,2000 cc(2.00 liters),2019 / Oct,"31,300 km(Approx. 19,453 miles)",MXAA542011***,Automatic,アドベンチャー,4WD,17 m3,Petrol,Other,Auction Grade,CFJ2561359,"US$ 20,739",5,-,5,Right,MXAA54
https://carfromjapan.com/cheap-used-toyota-rav4-2020-for-sale-6a05005fa329fae6d6a64748,2500 cc(2.50 liters),2020 / -,"84,000 km(Approx. 52,206 miles)",4004***,Automatic,ハイブリッドX,-,17 m3,Petrol,Gray,Auction Grade,CFJ2782959,"US$ 15,671",5,-,-,-,AXAH52
https://carfromjapan.com/cheap-used-toyota-rav4-2021-for-sale-6a07a7fb032fc8e02e3e2e96,2500 cc(2.50 liters),2021 / Jul,"146,600 km(Approx. 91,112 miles)",AXAH544031***,Automatic,Hybrid G,4WD,14.3 m3,Hybrid,Other,Auction Grade,CFJ2794926,"US$ 18,423",5,-,5,Other,AXAH54
https://carfromjapan.com/cheap-used-toyota-rav4-2021-for-sale-69bfa1110d235c254ef420bf,2500 cc(2.50 liters),2021 / Mar,"37,000 km(Approx. 22,996 miles)",4005***,Automatic,ハイブリッドX,-,17 m3,Petrol,Pearl,Auction Grade,CFJ2529383,"US$ 21,839",5,-,-,-,AXAH52
https://carfromjapan.com/cheap-used-toyota-rav4-2019-for-sale-69e16d3eba10e73d03f76f52,2000 cc(2.00 liters),2019 / Oct,"38,800 km(Approx. 24,114 miles)",MXAA545004***,Automatic,Ｇ　Ｚパッケージ,4WD,17 m3,Petrol,Other,Auction Grade,CFJ2665221,"US$ 19,954",5,-,5,Right,MXAA54
https://carfromjapan.com/cheap-used-toyota-rav4-2019-for-sale-69d9838f65b5dc25b6497a33,2000 cc(2.00 liters),2019 / Oct,"56,700 km(Approx. 35,239 miles)",MXAA542012***,Automatic,Ｇ,4WD,17 m3,Petrol,Other,Auction Grade,CFJ2634211,"US$ 18,698",5,-,5,Right,MXAA54
https://carfromjapan.com/cheap-used-toyota-rav4-2019-for-sale-6a02661629365f0e86430eed,2500 cc(2.50 liters),2019 / Sep,"62,400 km(Approx. 38,782 miles)",AXAH542005***,Automatic,4WD  ハイブリッドG,4WD,17 m3,Petrol,Black,Auction Grade,CFJ2775837,"US$ 23,983",5,-,5,Right,6AA-AXAH54
https://carfromjapan.com/cheap-used-toyota-rav4-2019-for-sale-69fe7170adabac07b3358f01,2000 cc(2.00 liters),2019 / Oct,"45,800 km(Approx. 28,465 miles)",MXAA544010***,Automatic,4WD_G_Zパッケージ,4WD,17 m3,Petrol,Pearl,Auction Grade,CFJ2768353,"US$ 22,585",5,-,5,Right,6BA-MXAA54
https://carfromjapan.com/cheap-used-toyota-rav4-2019-for-sale-6a05045ca329fad9bfac01e1,2000 cc(2.00 liters),2019 / Sep,"69,400 km(Approx. 43,132 miles)",MXAA542011***,Automatic,Ｇ　Ｚパッケージ,4WD,17 m3,Petrol,Other,Auction Grade,CFJ2783385,"US$ 20,582",5,-,5,Right,MXAA54
https://carfromjapan.com/cheap-used-toyota-rav4-2019-for-sale-6a049512a329fa013a9b136d,2000 cc(2.00 liters),2019 / Sep,"45,000 km(Approx. 27,968 miles)",MXAA54-2011***,Automatic,アドベンチャー,4WD,17 m3,Petrol,Green,Auction Grade,CFJ2780777,"US$ 22,153",5,-,5,-,6BA-MXAA54
https://carfromjapan.com/cheap-used-toyota-rav4-2019-for-sale-69fe6e5f96adc385a8cb472f,2500 cc(2.50 liters),2019 / Nov,"74,500 km(Approx. 46,302 miles)",AXAH544010***,Automatic,4WDハイブリッドG,4WD,17 m3,Hybrid,Pearl,Auction Grade,CFJ2767915,"US$ 21,792",5,-,5,Right,6AA-AXAH54
https://carfromjapan.com/cheap-used-land-rover-range-rover-velar-2024-for-sale-6992531f34c546185a4299cd,2000 cc(2.00 liters),2024 / Jun,"14,400 km(Approx. 8,950 miles)",SALYA2AY8RA373***,Automatic,ダイナミック　ＨＳＥ　Ｐ４００ｅ,4WD,17 m3,Other,Other,Auction Grade,CFJ2352867,"US$ 44,082",5,-,5,Right,LY2YD
https://carfromjapan.com/cheap-used-nissan-x-trail-2021-for-sale-6a08fd356c3bf86619c191b7,2000 cc(2.00 liters),2021 / Jul,"50,300 km(Approx. 31,262 miles)",T32556***,Automatic,2.0 Xi　 純10型ﾅﾋﾞ,-,14.85 m3,Petrol,Other,Auction Grade,CFJ2798418,"US$ 12,915",5,-,5,Right,5BA-T32
https://carfromjapan.com/cheap-used-bmw-2-series-2022-for-sale-69d982b738df9bb6a1b06665,2000 cc(2.00 liters),2022 / Oct,"34,000 km(Approx. 21,131 miles)",WBA22BY0107L50***,Automatic,２１８ｄアクティブツアラー　エクスクルーシブ,-,11 m3,Diesel,White,Auction Grade,CFJ2633861,"US$ 21,124",5,-,5,Right,22BY20
https://carfromjapan.com/cheap-used-subaru-forester-2021-for-sale-6a07932a032fc87b8b37a86f,1800 cc(1.80 liters),2021 / Aug,"57,000 km(Approx. 35,426 miles)",SK5-009***,Automatic,スポーツ,4WD,13.25 m3,Petrol,Black,Auction Grade,CFJ2793725,"US$ 17,206",5,-,5,-,4BA-SK5
https://carfromjapan.com/cheap-used-toyota-hiace-van-2021-for-sale-698de30b629dce2f518e0b3b,2700 cc(2.70 liters),2021 / Oct,"16,000 km(Approx. 9,944 miles)",TRH216-8013***,Automatic,ワイドS-GLダークプライム2ロングMR,4WD,16.5 m3,Petrol,Purple,Auction Grade,CFJ2336072,"US$ 28,357",5,-,5,-,3BF-TRH216K
https://carfromjapan.com/cheap-used-nissan-x-trail-2022-for-sale-696cf28caf791e45206e1967,1500 cc(1.50 liters),2022 / Nov,"19,000 km(Approx. 11,809 miles)",SNT33-006***,Automatic,★1.5 S e-4ORCE,4WD,14.75 m3,Hybrid,Silver,Auction Grade,CFJ2227238,"US$ 19,719",5,-,5,-,6AA-SNT33
https://carfromjapan.com/cheap-used-toyota-rav4-2019-for-sale-69b54958ddf03316bdbc6084,2500 cc(2.50 liters),2019 / Dec,"33,000 km(Approx. 20,510 miles)",AXAH54-4012***,Automatic,G,4WD,17 m3,Hybrid,Pearl,Auction Grade,CFJ2485820,"US$ 22,310",5,-,5,-,6AA-AXAH54
https://carfromjapan.com/cheap-used-toyota-rav4-2019-for-sale-6a06ce086c3bf8e82153cef5,2000 cc(2.00 liters),2019 / Sep,"41,000 km(Approx. 25,482 miles)",MXAA54-2010***,Automatic,アドベンチャー4WD,-,17 m3,Petrol,Black,Auction Grade,CFJ2790397,"US$ 22,852",5,-,5,-,6BA-MXAA54
https://carfromjapan.com/cheap-used-toyota-rav4-2019-for-sale-695e36299787de048a96a255,2500 cc(2.50 liters),2019 / Oct,"19,000 km(Approx. 11,809 miles)",AXAH54-4010***,Automatic,ハイブリッド G E-Four,4WD,17 m3,Hybrid,Gray,Auction Grade,CFJ2179819,"US$ 25,844",5,-,5,-,6AA-AXAH54
https://carfromjapan.com/cheap-used-toyota-rav4-2026-for-sale-69ee9b656159e55bb30e8778,2500 cc(2.50 liters),2026 / Mar,100 km(Approx. 62 miles),AXAN643004***,Automatic,アドベンチャー,4WD,17 m3,Hybrid,Other,Auction Grade,CFJ2719279,"US$ 40,372",5,-,5,Right,AXAN64
https://carfromjapan.com/cheap-used-toyota-vellfire-2025-for-sale-696ce0f3c15b58c1182fc423,2390 cc(2.39 liters),2025 / Jun,"3,000 km(Approx. 1,865 miles)",TAHA40-0014***,Automatic,Z PREMIER,2WD,18.04 m3,Petrol,White,Auction Grade,CFJ2226971,"US$ 59,000",5,-,7,Right,5BA-TAHA40W
https://carfromjapan.com/cheap-used-toyota-rav4-2019-for-sale-67ca2af20b551722bd9c0071,2000 cc(2.00 liters),2019 / Nov,"36,000 km(Approx. 22,374 miles)",MXAA542012***,Automatic,Ｇ　Ｚパッケージ,4WD,17 m3,Petrol,Other,Auction Grade,CFJ0839257,"US$ 21,132",5,-,5,Right,MXAA54
https://carfromjapan.com/cheap-used-toyota-rav4-2019-for-sale-69dad28014952d73010e2e8e,2500 cc(2.50 liters),2019 / Nov,"62,500 km(Approx. 38,844 miles)",AXAH544010***,Automatic,ハイブリッドＧ,4WD,17 m3,Hybrid,Other,Auction Grade,CFJ2638214,"US$ 21,525",5,-,5,Right,AXAH54
https://carfromjapan.com/cheap-used-toyota-rav4-2022-for-sale-69eaa7b5ac4038605946e863,2500 cc(2.50 liters),2022 / Mar,"28,500 km(Approx. 17,713 miles)",AXAP540006***,Automatic,Ｇ　Ｚ,4WD,17 m3,Hybrid,Other,Auction Grade,CFJ2702288,"US$ 27,729",5,-,5,Right,AXAP54
https://carfromjapan.com/cheap-used-toyota-rav4-2021-for-sale-69a7b0e8113d6c4f5c666469,2500 cc(2.50 liters),2021 / Oct,"19,000 km(Approx. 11,809 miles)",AXAP54-0005***,Automatic,G Z,4WD,17 m3,Hybrid,Pearl,Auction Grade,CFJ2431991,"US$ 25,451",5,-,5,-,6LA-AXAP54
https://carfromjapan.com/cheap-used-toyota-rav4-2019-for-sale-69f536f9b371b1d6f9eeddcc,2000 cc(2.00 liters),2019 / Sep,"51,300 km(Approx. 31,883 miles)",MXAA544008***,Automatic,Ｇ　Ｚパッケージ,4WD,17 m3,Petrol,Other,Auction Grade,CFJ2746310,"US$ 20,347",5,-,5,Right,MXAA54
https://carfromjapan.com/cheap-used-toyota-harrier-2022-for-sale-6a03b2f6a329fad4786b456e,2000 cc(2.00 liters),2022 / Mar,"57,300 km(Approx. 35,612 miles)",MXUA850010***,Automatic,Gﾚｻﾞｰﾊﾟｯｹｰｼﾞ,4WD,14.56 m3,Petrol,Other,Auction Grade,CFJ2778764,"US$ 20,347",5,-,5,Other,MXUA85
https://carfromjapan.com/cheap-used-toyota-rav4-2019-for-sale-69d9821838df9b751fae05ff,2500 cc(2.50 liters),2019 / Oct,"50,000 km(Approx. 31,075 miles)",AXAH542005***,Automatic,ハイブリッドＧ,4WD,17 m3,Hybrid,Other,Auction Grade,CFJ2633588,"US$ 23,017",5,-,5,Right,AXAH54
https://carfromjapan.com/cheap-used-toyota-rav4-2021-for-sale-69feeb7996adc35485ee9da6,2500 cc(2.50 liters),2021 / May,"12,000 km(Approx. 7,458 miles)",AXAP54-0002***,Automatic,ブラックトーン,4WD,17 m3,Hybrid,Black,Auction Grade,CFJ2769576,"US$ 29,849",5,-,5,-,6LA-AXAP54
https://carfromjapan.com/cheap-used-bmw-2-series-2021-for-sale-69d2ebb1304e3dc4fb9b8045,1500 cc(1.50 liters),2021 / Mar,"14,000 km(Approx. 8,701 miles)",WBA12AK0607H61***,Automatic,２１８ｉグランクーペ　プレイ,-,15 m3,Petrol,Black,Auction Grade,CFJ2606729,"US$ 14,512",4,-,5,Right,7K15
https://carfromjapan.com/cheap-used-land-rover-range-rover-velar-2025-for-sale-6a07a725032fc848873c7d31,2000 cc(2.00 liters),2025 / May,"2,200 km(Approx. 1,367 miles)",SALYA2AY1SA399***,Automatic,ダイナミック　ＳＥ　Ｐ４００ｅ,4WD,17 m3,Other,Other,Auction Grade,CFJ2794602,"US$ 54,449",5,-,5,Right,LY2YD
https://carfromjapan.com/cheap-used-toyota-hiace-van-2019-for-sale-6a024828d32bf9211e8dda31,2693 cc(2.69 liters),2019 / Sep,"45,000 km(Approx. 27,968 miles)",TRH211-8009***,Automatic,スーパGL,2WD,19.11 m3,Petrol,Black,Auction Grade,CFJ2774478,"US$ 21,619",5,-,5,-,CBF-TRH211K
https://carfromjapan.com/cheap-used-toyota-rav4-2019-for-sale-69eaa82cd724f4083b8c95b7,2000 cc(2.00 liters),2019 / Dec,"66,200 km(Approx. 41,144 miles)",MXAA544013***,Automatic,Ｇ,4WD,17 m3,Petrol,Other,Auction Grade,CFJ2702560,"US$ 18,619",5,-,5,Right,MXAA54
https://carfromjapan.com/cheap-used-nissan-x-trail-2021-for-sale-6a08af9a6c3bf8c0adaa2979,2000 cc(2.00 liters),2021 / Jul,"50,000 km(Approx. 31,075 miles)",T32-556***,Automatic,2.0 Xi  純10型ナビ,2WD,14.85 m3,Petrol,Black,Auction Grade,CFJ2797651,"US$ 12,915",5,-,5,-,5BA-T32
https://carfromjapan.com/cheap-used-toyota-rav4-2019-for-sale-69dad52065b5dcff1883a8cd,2000 cc(2.00 liters),2019 / Dec,"42,500 km(Approx. 26,414 miles)",MXAA542016***,Automatic,アドベンチャー,4WD,17 m3,Petrol,Other,Auction Grade,CFJ2638977,"US$ 20,347",5,-,5,Right,MXAA54
https://carfromjapan.com/cheap-used-toyota-rav4-2021-for-sale-69e954933f68797c50da70f5,2000 cc(2.00 liters),2021 / Apr,"41,600 km(Approx. 25,855 miles)",MXAA524006***,Automatic,Ｘ,-,17 m3,Petrol,Other,Auction Grade,CFJ2696307,"US$ 18,541",5,-,5,Right,MXAA52
https://carfromjapan.com/cheap-used-land-rover-range-rover-velar-2024-for-sale-68895a2663811c6d9191397f,2000 cc(2.00 liters),2024 / Apr,"1,100 km(Approx. 684 miles)",SALYA2AY4RA372***,Automatic,ダイナミック　ＨＳＥ　Ｐ４００ｅ,4WD,17 m3,Other,Other,Auction Grade,CFJ1488620,"US$ 44,299",5,-,5,Right,LY2YD
https://carfromjapan.com/cheap-used-subaru-forester-2020-for-sale-6a02615fd32bf9dc7394ad01,2500 cc(2.50 liters),2020 / Jul,"30,000 km(Approx. 18,645 miles)",SK9038***,Automatic,X-ﾌﾞﾚｲｸ,4WD,14.47 m3,Petrol,Other,Auction Grade,CFJ2774909,"US$ 17,991",5,-,5,Other,SK9
https://carfromjapan.com/cheap-used-nissan-note-2019-for-sale-6a024fb2d32bf9f4da8e3ba8,1200 cc(1.20 liters),2019 / Sep,"33,000 km(Approx. 20,510 miles)",SNE12-007***,Automatic,e-POWER オーテック FOUR,4WD,10.53 m3,Hybrid,Blue,Auction Grade,CFJ2774508,"US$ 8,991",5,-,5,-,DAA-SNE12
https://carfromjapan.com/cheap-used-toyota-rav4-2021-for-sale-6a06bf316c3bf829d652a455,2500 cc(2.50 liters),2021 / Jul,"78,000 km(Approx. 48,477 miles)",AXAP54-0003***,Automatic,GZ4WD,-,17 m3,Hybrid,Pearl,Auction Grade,CFJ2790141,"US$ 24,038",5,-,5,-,6LA-AXAP54
https://carfromjapan.com/cheap-used-toyota-rav4-2019-for-sale-6a04957f4c42ba28c681aebd,2000 cc(2.00 liters),2019 / Sep,"53,000 km(Approx. 32,940 miles)",MXAA54-2011***,Automatic,アドベンチャー,4WD,17 m3,Petrol,Green,Auction Grade,CFJ2780794,"US$ 21,289",5,-,5,-,6BA-MXAA54
https://carfromjapan.com/cheap-used-toyota-rav4-2019-for-sale-69c85edcc5d5d53ac7d32089,2000 cc(2.00 liters),2019 / Oct,"41,100 km(Approx. 25,544 miles)",MXAA544010***,Automatic,Ｇ　Ｚパッケージ,4WD,17 m3,Petrol,Other,Auction Grade,CFJ2561605,"US$ 20,739",5,-,5,Right,MXAA54
https://carfromjapan.com/cheap-used-mazda-familia-van-2019-for-sale-677f26c961b0caee84ec51b3,1500 cc(1.50 liters),2019 / Sep,"67,000 km(Approx. 41,641 miles)",NCP1607001***,Automatic,-,-,10.89 m3,Petrol,White,Auction Grade,CFJ0623699,"US$ 5,648",5,-,5,Other,DBE-NCP160M
https://carfromjapan.com/cheap-used-subaru-forester-2021-for-sale-69fe6df4adabac2ef22a8c9a,1800 cc(1.80 liters),2021 / May,"18,700 km(Approx. 11,622 miles)",SK5007***,Automatic,スポーツ,4WD,17 m3,Petrol,Silver,Auction Grade,CFJ2767819,"US$ 18,376",5,-,5,Right,SK5
https://carfromjapan.com/cheap-used-bmw-2-series-2022-for-sale-67de00fca5a78f23cd4ccc69,3000 cc(3.00 liters),2022 / Mar,"7,000 km(Approx. 4,351 miles)",08C40***,Automatic,M240i xDriveクーペ,-,12 m3,Petrol,Other,Auction Grade,CFJ0927103,"US$ 45,311",2,-,-,-,52CM30
https://carfromjapan.com/cheap-used-toyota-rav4-2020-for-sale-69c70cfea554522d6523e4cb,2000 cc(2.00 liters),2020 / Jul,"30,800 km(Approx. 19,142 miles)",MXAA525003***,Automatic,Ｘ,-,17 m3,Petrol,Other,Auction Grade,CFJ2557548,"US$ 18,855",5,-,5,Right,MXAA52
https://carfromjapan.com/cheap-used-toyota-land-cruiser-prado-2021-for-sale-6a07a9c56c3bf80a477576b7,2800 cc(2.80 liters),2021 / Mar,"62,900 km(Approx. 39,093 miles)",GDJ1510010***,Automatic,ＴＺ－Ｇ,4WD,17 m3,Diesel,Black,Auction Grade,CFJ2795357,"US$ 46,732",5,-,7,Right,GDJ151W
https://carfromjapan.com/cheap-used-bmw-2-series-2023-for-sale-69f0ec38f86f5a152d9845df,2000 cc(2.00 liters),2023 / -,"4,000 km(Approx. 2,486 miles)",WBA12CM0908D20***,Automatic,220i Mスポーツ,2WD,12 m3,Petrol,Blue,Auction Grade,CFJ2725242,"US$ 26,378",2,-,4,-,3BA-12CM20
https://carfromjapan.com/cheap-used-toyota-rav4-2019-for-sale-69224304c5884dfbd1518de5,2000 cc(2.00 liters),2019 / Nov,"61,100 km(Approx. 37,974 miles)",MXAA544011***,Automatic,Ｇ　Ｚパッケージ,4WD,17 m3,Petrol,Other,Auction Grade,CFJ1992475,"US$ 18,855",5,-,5,Right,MXAA54
https://carfromjapan.com/cheap-used-toyota-harrier-2020-for-sale-69e4200fbacb6617b8ecb0f4,2500 cc(2.50 liters),2020 / Dec,"58,000 km(Approx. 36,047 miles)",AXUH80-0004***,Automatic,S,2WD,17 m3,Hybrid,Pearl,Auction Grade,CFJ2676327,"US$ 18,619",5,-,5,-,6AA-AXUH80
https://carfromjapan.com/cheap-used-toyota-land-cruiser-prado-2021-for-sale-69c299c7785b9f8b4f4d29c4,2754 cc(2.75 liters),2021 / Mar,"62,900 km(Approx. 39,093 miles)",GDJ1510010***,Automatic,-,4WD,16.55 m3,Diesel,Black,Auction Grade,CFJ2537544,"US$ 38,000",5,-,7,Right,3DA-GDJ151W
https://carfromjapan.com/cheap-used-toyota-rav4-2021-for-sale-69d694f8fed37d5523742001,2500 cc(2.50 liters),2021 / Jun,"45,000 km(Approx. 27,968 miles)",AXAH52-4006***,Automatic,X,2WD,17 m3,Hybrid,Pearl,Auction Grade,CFJ2619582,"US$ 20,347",5,-,5,-,6AA-AXAH52
https://carfromjapan.com/cheap-used-toyota-rav4-2022-for-sale-69c1cb0cfbd7ada2a4c2b56b,2000 cc(2.00 liters),2022 / Feb,"34,400 km(Approx. 21,380 miles)",MXAA525005***,Automatic,Ｘ,-,17 m3,Petrol,Other,Auction Grade,CFJ2536243,"US$ 18,933",5,-,5,Right,MXAA52
https://carfromjapan.com/cheap-used-subaru-forester-2021-for-sale-6a07ac7d032fc8327b47f97b,1800 cc(1.80 liters),2021 / Dec,"24,400 km(Approx. 15,165 miles)",SK5017***,Automatic,スポーツ,4WD,17 m3,Petrol,Pearl,Auction Grade,CFJ2795925,"US$ 20,339",5,-,5,Right,SK5
https://carfromjapan.com/cheap-used-toyota-hiace-van-2024-for-sale-6a07acf16c3bf875757e4bb9,2000 cc(2.00 liters),2024 / Feb,"5,400 km(Approx. 3,356 miles)",TRH2000380***,Automatic,DX HR ナビ付き,-,16.5 m3,Petrol,White,Auction Grade,CFJ2796003,"US$ 21,022",5,-,6,Right,3BF-TRH200K
https://carfromjapan.com/cheap-used-toyota-rav4-2019-for-sale-69c60cb883b1975b9c9a633b,2500 cc(2.50 liters),2019 / Sep,"21,000 km(Approx. 13,052 miles)",AXAH54-2001***,Automatic,ハイブリットG4WD,-,17 m3,Hybrid,Pearl,Auction Grade,CFJ2552883,"US$ 23,936",5,-,5,-,6AA-AXAH54
https://carfromjapan.com/cheap-used-toyota-hiace-van-2022-for-sale-6887ed38404713dae5092c4b,2700 cc(2.70 liters),2022 / Aug,"9,000 km(Approx. 5,594 miles)",TRH221-0099***,Automatic,インディアンキャンパー製 アパッ,-,16.5 m3,Petrol,Pearl,Auction Grade,CFJ1481364,"US$ 44,684",4,-,-,-,3BF-TRH221K
https://carfromjapan.com/cheap-used-toyota-rav4-2019-for-sale-69f5310eb371b10877ddaa59,2000 cc(2.00 liters),2019 / Dec,"51,200 km(Approx. 31,821 miles)",MXAA542015***,Automatic,アドベンチャー,4WD,17 m3,Petrol,Other,Auction Grade,CFJ2744148,"US$ 21,132",5,-,5,Right,MXAA54
https://carfromjapan.com/cheap-used-nissan-x-trail-2022-for-sale-69e743661ee484815055250c,2000 cc(2.00 liters),2022 / Sep,"17,000 km(Approx. 10,566 miles)",HT32-163***,Automatic,20Xi,2WD,17 m3,Hybrid,Pearl,Auction Grade,CFJ2686796,"US$ 18,603",5,-,5,-,5AA-HT32
https://carfromjapan.com/cheap-used-toyota-rav4-2021-for-sale-69e75cdb3f687905778463c8,2500 cc(2.50 liters),2021 / Jun,"24,000 km(Approx. 14,916 miles)",AXAH52-4006***,Automatic,X,2WD,17 m3,Hybrid,Gray,Auction Grade,CFJ2687815,"US$ 23,488",5,-,5,-,6AA-AXAH52
https://carfromjapan.com/cheap-used-toyota-rav4-2019-for-sale-69e56093bacb6679d0145558,2000 cc(2.00 liters),2019 / Oct,"40,100 km(Approx. 24,922 miles)",MXAA544010***,Automatic,Ｇ　Ｚパッケージ,4WD,17 m3,Petrol,Other,Auction Grade,CFJ2680665,"US$ 21,289",5,-,5,Right,MXAA54
https://carfromjapan.com/cheap-used-toyota-rav4-2019-for-sale-69c5bd7483b19705177c47f0,2000 cc(2.00 liters),2019 / Dec,"37,100 km(Approx. 23,058 miles)",MXAA545005***,Automatic,Ｇ　Ｚパッケージ,4WD,17 m3,Petrol,Other,Auction Grade,CFJ2550012,"US$ 22,310",5,-,5,Right,MXAA54
https://carfromjapan.com/cheap-used-toyota-rav4-2019-for-sale-679ffc4d182ec82a7dd420cc,2500 cc(2.50 liters),2019 / Dec,"49,000 km(Approx. 30,454 miles)",AXAH542006***,Automatic,2.5 ハイブリッド G E-Four 4WD,4WD,17 m3,Hybrid,Pearl,Auction Grade,CFJ0714296,"US$ 22,828",5,-,5,Right,6AA-AXAH54
https://carfromjapan.com/cheap-used-toyota-rav4-2019-for-sale-69ebf8f4ac4038c82e88e8c3,2000 cc(2.00 liters),2019 / Sep,"49,600 km(Approx. 30,827 miles)",MXAA544008***,Automatic,Ｇ　Ｚパッケージ,4WD,17 m3,Petrol,Other,Auction Grade,CFJ2710478,"US$ 20,111",5,-,5,Right,MXAA54
https://carfromjapan.com/cheap-used-toyota-rav4-2019-for-sale-69f13d6c247c38d8f15197e4,2000 cc(2.00 liters),2019 / Nov,"41,900 km(Approx. 26,041 miles)",MXAA542013***,Automatic,4WD  アドベンチャー,4WD,17 m3,Petrol,Silver,Auction Grade,CFJ2727154,"US$ 20,787",5,-,5,Right,6BA-MXAA54
https://carfromjapan.com/cheap-used-toyota-rav4-2019-for-sale-69f684a7b371b13fc426f8fc,2000 cc(2.00 liters),2019 / Sep,"53,100 km(Approx. 33,002 miles)",MXAA542011***,Automatic,アドベンチャー,4WD,17 m3,Petrol,Other,Auction Grade,CFJ2748461,"US$ 21,289",5,-,5,Right,MXAA54
https://carfromjapan.com/cheap-used-toyota-harrier-2022-for-sale-69c1cbe0fbd7ad6fa2c530e5,2000 cc(2.00 liters),2022 / Aug,"51,700 km(Approx. 32,132 miles)",MXUA850011***,Automatic,Ｓ,4WD,14.6 m3,Petrol,Black,Auction Grade,CFJ2536492,"US$ 18,776",5,-,5,Right,6BA-MXUA85
https://carfromjapan.com/cheap-used-toyota-rav4-2021-for-sale-69d04511304e3d215314b834,2500 cc(2.50 liters),2021 / Oct,"58,000 km(Approx. 36,047 miles)",0005***,Automatic,4WD PHV GZ,-,17 m3,Petrol,Pearl,Auction Grade,CFJ2595451,"US$ 24,273",5,-,-,-,AXAP54
https://carfromjapan.com/cheap-used-toyota-rav4-2019-for-sale-69c1ad630d235c197f4a9c49,2000 cc(2.00 liters),2019 / Sep,"29,000 km(Approx. 18,024 miles)",MXAA54-2010***,Automatic,アドベンチャー,4WD,17 m3,Petrol,Black,Auction Grade,CFJ2534552,"US$ 20,268",5,-,5,-,6BA-MXAA54
https://carfromjapan.com/cheap-used-toyota-rav4-2019-for-sale-69bc81500d235c3a744a5525,2500 cc(2.50 liters),2019 / Dec,"44,000 km(Approx. 27,346 miles)",AXAH544011***,Automatic,HYBRID G,4WD,17 m3,Hybrid,Other,Auction Grade,CFJ2514602,"US$ 24,116",5,-,5,Right,6AA-AXAH54
https://carfromjapan.com/cheap-used-subaru-forester-2020-for-sale-6a07a8b66c3bf8f78f72996c,1800 cc(1.80 liters),2020 / Nov,"44,700 km(Approx. 27,781 miles)",SK5002***,Automatic,スポーツ,4WD,17 m3,Petrol,Other,Auction Grade,CFJ2795110,"US$ 17,590",5,-,5,Right,SK5
https://carfromjapan.com/cheap-used-subaru-forester-2021-for-sale-69cc5742c5d5d544c8ae4bbe,2000 cc(2.00 liters),2021 / Feb,"122,500 km(Approx. 76,134 miles)",SKE050***,Automatic,ｱﾄﾞﾊﾞﾝｽ◆2024年ﾀｲﾔ4本◆ｱｲｻｲﾄｾｲﾌﾃｨﾌﾟﾗｽ,4WD,14.3 m3,Hybrid,Silver,Auction Grade,CFJ2580009,"US$ 11,748",5,-,5,Right,5AA-SKE
https://carfromjapan.com/cheap-used-subaru-forester-2020-for-sale-6a0264c9d32bf9d1a19ed30b,2500 cc(2.50 liters),2020 / Jan,"94,000 km(Approx. 58,421 miles)",SK9032***,Automatic,特 X-ｴﾃﾞｨｼｮﾝ,4WD,14.47 m3,Petrol,Other,Auction Grade,CFJ2775664,"US$ 13,368",5,-,5,Other,SK9
https://carfromjapan.com/cheap-used-toyota-rav4-2019-for-sale-65c55d02e06e631ac412f53e,2000 cc(2.00 liters),2019 / Oct,"49,100 km(Approx. 30,516 miles)",MXAA542013***,Automatic,Ｇ　Ｚパッケージ,4WD,17 m3,Petrol,Other,Auction Grade,CFJ9459617,"US$ 20,347",5,-,5,Right,MXAA54
https://carfromjapan.com/cheap-used-toyota-passo-2019-for-sale-6a07c9de6c3bf89d3c8ca5b4,1000 cc(1.00 liters),2019 / Oct,"31,900 km(Approx. 19,826 miles)",M700A0149***,Automatic,-,2WD,9.21 m3,Petrol,Silver,Auction Grade,CFJ2796147,"US$ 3,832",5,-,-,Right,5BA-M700A
https://carfromjapan.com/cheap-used-toyota-harrier-2021-for-sale-69f7d57296849244ef73965c,2000 cc(2.00 liters),2021 / Oct,"21,900 km(Approx. 13,611 miles)",MXUA800061***,Automatic,Z,2WD,14.56 m3,Petrol,Other,Auction Grade,CFJ2754445,"US$ 16,439",5,-,5,Other,MXUA80
https://carfromjapan.com/cheap-used-toyota-rav4-2020-for-sale-69bc81effbd7ad4532b34ce4,2000 cc(2.00 liters),2020 / May,"17,000 km(Approx. 10,566 miles)",MXAA525003***,Automatic,Ｘ,-,17 m3,Petrol,Other,Auction Grade,CFJ2514906,"US$ 20,190",5,-,5,Right,MXAA52
https://carfromjapan.com/cheap-used-toyota-land-cruiser-prado-2021-for-sale-69382d26ee8199852c927e17,2800 cc(2.80 liters),2021 / Jan,"86,000 km(Approx. 53,449 miles)",GDJ1510010***,Automatic,-,2WD,17.04 m3,Diesel,Black,Auction Grade,CFJ2074028,"US$ 34,908",5,-,7,Right,3DA-GDJ151W
https://carfromjapan.com/cheap-used-toyota-rav4-2022-for-sale-69facdf40202b62a69e59f9f,2500 cc(2.50 liters),2022 / Mar,"39,000 km(Approx. 24,239 miles)",AXAP54-0006***,Automatic,ブラックトーン,4WD,17 m3,Hybrid,Pearl,Auction Grade,CFJ2760840,"US$ 26,543",5,-,5,-,6LA-AXAP54
https://carfromjapan.com/cheap-used-volvo-xc60-2021-for-sale-69ed487cac403821c7c7a19f,2000 cc(2.00 liters),2021 / Feb,"52,000 km(Approx. 32,318 miles)",YV1UZL1MCM1743***,Automatic,Ｂ５　ＡＷＤ　モメンタム,4WD,17 m3,Hybrid,Other,Auction Grade,CFJ2712720,"US$ 22,781",5,-,5,Right,UB420TXCM
https://carfromjapan.com/cheap-used-nissan-fairlady-z-2022-for-sale-69c1cba60d235cf29e59bade,3000 cc(3.00 liters),2022 / Oct,"1,600 km(Approx. 994 miles)",RZ34100***,Manual,ベースグレード,2WD,12 m3,Petrol,Gray,Auction Grade,CFJ2536430,"US$ 33,548",3,-,2,Right,RZ34
https://carfromjapan.com/cheap-used-toyota-rav4-2020-for-sale-69e1d5625d307c52f21ba6f6,2000 cc(2.00 liters),2020 / Jun,"48,000 km(Approx. 29,832 miles)",MXAA52-5003***,Automatic,2.0X 純9型ナビ&19AW,2WD,14.3 m3,Petrol,Black,Auction Grade,CFJ2667650,"US$ 17,920",5,-,5,-,6BA-MXAA52
https://carfromjapan.com/cheap-used-nissan-x-trail-2023-for-sale-6a07a6fd032fc86a883c2a22,1500 cc(1.50 liters),2023 / Mar,"21,000 km(Approx. 13,052 miles)",T33001***,Automatic,Ｘ,-,17 m3,Hybrid,Other,Auction Grade,CFJ2794518,"US$ 22,703",5,-,5,Right,T33
