url,engine_capacity,registration_year,mileage,vin_/_chassis_no.,transmission,model_grade,drive_type,dimension,fuel_type,exterior_color,*full_vin/chassis_no._will_be_shown_on_invoice,reference_no.,price,no._of_doors,manufacture_year,no._of_seats,steering,model_code,car_age,FOB (KES),Shipping (KES),Insurance (KES),CIF (KES),Import Duty (KES),Excise Duty (KES),IDF (KES),RDL (KES),VAT (KES),Port Charges (KES),Clearing Fees (KES),Registration (KES),TOTAL COST (KES)
https://carfromjapan.com/cheap-used-daihatsu-hijet-truck-2021-for-sale-68a7c82cc49cc5ebcf1a4eae,660,2021,56000.0,S510P0401***,Automatic,-,-,10 m3,Petrol,-,Auction Grade,CFJ1568485,6854,-,-,2,Other,3BD-S510P,5,887593.0,130000,13313.89,1030906.9,360817.41,206181.38,36081.74,20618.14,255664.91,50000,22500,10000,1992770.48
https://carfromjapan.com/cheap-used-mercedes-benz-amg-2021-for-sale-6984348ec15b58c118ba33df,4000,2021,10000.0,W1N4632761X388***,Automatic,G63 Manufaktur pkg,4WD,19.11 m3,Petrol,White,Auction Grade,CFJ2303128,123747,4,-,5,Left,3BA-463276,5,16025236.5,130000,240378.55,16395615.05,5738465.27,5738465.27,573846.53,327912.3,4459607.29,50000,22500,10000,33316411.7
https://carfromjapan.com/cheap-used-toyota-rav4-2019-for-sale-6a0505694aa46852b18e8141,2000,2019,14700.0,MXAA524002***,Automatic,Ｘ,-,17 m3,Petrol,Other,Auction Grade,CFJ2783652,18148,5,-,5,Right,MXAA52,7,2350166.0,130000,35252.49,2515418.49,880396.47,628854.62,88039.65,50308.37,643947.13,50000,22500,10000,4889464.73
https://carfromjapan.com/cheap-used-toyota-rav4-2019-for-sale-69d905a20d2462329b4839c4,2000,2019,21900.0,MXAA542013***,Automatic,-,4WD,14.3 m3,Petrol,Black,Auction Grade,CFJ2631963,14428,5,-,5,Right,6BA-MXAA54,7,1868426.0,130000,28026.39,2026452.39,709258.34,506613.1,70925.83,40529.05,518771.81,50000,22500,10000,3955050.52
https://carfromjapan.com/cheap-used-toyota-alphard-2025-for-sale-6a06b195c15b58c118022102,2500,2025,13000.0,AGH40-0033***,Automatic,Z,2WD,17.82 m3,Petrol,Pearl,Auction Grade,CFJ2790012,37505,5,-,7,Right,3BA-AGH40W,1,4856897.5,130000,72853.46,5059750.96,1770912.84,1517925.29,177091.28,101195.02,1335774.25,50000,22500,10000,10045149.65
https://carfromjapan.com/cheap-used-toyota-rav4-2019-for-sale-699327ce3a4a6f6b0377e368,2500,2019,37300.0,AXAH544013***,Automatic,-,4WD,14.3 m3,Petrol,Black,Auction Grade,CFJ2355898,16784,5,-,5,Right,6AA-AXAH54,7,2173528.0,130000,32602.92,2336130.92,817645.82,700839.28,81764.58,46722.62,616738.56,50000,22500,10000,4682341.78
https://carfromjapan.com/cheap-used-toyota-hiace-van-2019-for-sale-69e48aa8c15b58c118725c97,2000,2019,76000.0,TRH200-5041***,Automatic,DX GL package,2WD,21 m3,Petrol,White,Auction Grade,CFJ2677062,9488,5,-,3,Right,CBF-TRH200V,7,1228696.0,130000,18430.44,1377126.44,481994.25,344281.61,48199.43,27542.53,352544.37,50000,22500,10000,2714188.63
https://carfromjapan.com/cheap-used-daihatsu-hijet-truck-2024-for-sale-692a31d907500f365b23d1b0,660,2024,13000.0,S510P-0571***,Automatic,スタンダード　農用スペシャル,4WD,8.87 m3,Petrol,Other,Auction Grade,CFJ2019345,7225,2,-,2,Right,S510P,2,935637.5,130000,14034.56,1079672.06,377885.22,215934.41,37788.52,21593.44,267758.67,50000,22500,10000,2083132.33
https://carfromjapan.com/cheap-used-toyota-alphard-2025-for-sale-69f58db2c15b58c118bda9d1,2500,2025,50.0,AGH40-4028***,Automatic,Z,2WD,17.82 m3,Petrol,Black,Auction Grade,CFJ2746510,40614,5,-,7,Right,3BA-AGH40W,1,5259513.0,130000,78892.69,5468405.7,1913941.99,1640521.71,191394.2,109368.11,1443659.1,50000,22500,10000,10849790.81
https://carfromjapan.com/cheap-used-toyota-rav4-2019-for-sale-6a068a69a329faa74f09d718,2000,2019,15000.0,MXAA52-4002***,Automatic,X,2WD,17 m3,Petrol,Pearl,Auction Grade,CFJ2789155,18148,5,-,5,-,6BA-MXAA52,7,2350166.0,130000,35252.49,2515418.49,880396.47,628854.62,88039.65,50308.37,643947.13,50000,22500,10000,4889464.73
https://carfromjapan.com/cheap-used-bmw-2-series-2022-for-sale-6a02613d29365f80f134633e,2000,2022,15900.0,WBA22BY0507L51***,Automatic,218dｱｸﾃｨﾌﾞﾂｱﾗｰｴｸｽｸﾙｰｼﾌﾞ,2WD,12.6 m3,Diesel,Other,Auction Grade,CFJ2774836,15287,5,-,5,Other,22BY20,4,1979666.5,130000,29695.0,2139361.5,748776.52,534840.37,74877.65,42787.23,547676.54,50000,22500,10000,4170819.82
https://carfromjapan.com/cheap-used-toyota-rav4-2019-for-sale-69cef9b378dc8c838d76ac34,2500,2019,75400.0,AXAH544011***,Automatic,ハイブリッドＧ,4WD,17 m3,Hybrid,Other,Auction Grade,CFJ2590079,18541,5,-,5,Right,AXAH54,7,2401059.5,130000,36015.89,2567075.39,898476.39,770122.62,89847.64,51341.51,677707.9,50000,22500,10000,5137071.45
https://carfromjapan.com/cheap-used-toyota-rav4-2019-for-sale-698ddde134c546bf1069f1d4,2500,2019,46000.0,AXAH52-2001***,Automatic,X,2WD,17 m3,Hybrid,Black,Auction Grade,CFJ2335818,19326,5,-,5,-,6AA-AXAH52,7,2502717.0,130000,37540.75,2670257.75,934590.21,801077.33,93459.02,53405.16,704948.05,50000,22500,10000,5340237.52
https://carfromjapan.com/cheap-used-toyota-rav4-2019-for-sale-698e5ece34c5468cc37e8b55,2500,2019,47000.0,AXAH522001***,Automatic,HYBRID X,-,17 m3,Hybrid,Other,Auction Grade,CFJ2337805,19326,5,-,-,Right,6AA-AXAH52,7,2502717.0,130000,37540.75,2670257.75,934590.21,801077.33,93459.02,53405.16,704948.05,50000,22500,10000,5340237.52
https://carfromjapan.com/cheap-used-toyota-rav4-2021-for-sale-6a05eb0e64ce68fa34ffe6ec,2500,2021,28000.0,AXAH52-4006***,Automatic,ハイブリッドX,-,17 m3,Petrol,Red,Auction Grade,CFJ2786169,16970,5,-,-,-,6AA-AXAH52,5,2197615.0,130000,32964.22,2360579.23,826202.73,708173.77,82620.27,47211.58,623192.92,50000,22500,10000,4730480.49
https://carfromjapan.com/cheap-used-toyota-rav4-2019-for-sale-6a06784564ce682e752b9447,2000,2019,57000.0,MXAA544010***,Automatic,-,4WD,14.3 m3,Petrol,Black,Auction Grade,CFJ2788991,16104,5,-,-,Right,6BA-MXAA54,7,2085468.0,130000,31282.02,2246750.02,786362.51,561687.51,78636.25,44935.0,575168.01,50000,22500,10000,4376039.29
https://carfromjapan.com/cheap-used-suzuki-wagon-r-2019-for-sale-68d0b0357fb9f3b679aa3607,660,2019,31000.0,MH35S-136***,Automatic,-,2WD,8.3 m3,Petrol,-,Auction Grade,CFJ1707007,3500,5,-,4,-,MH35S,7,453250.0,130000,6798.75,590048.75,206517.06,118009.75,20651.71,11800.98,146332.09,50000,22500,10000,1175860.33
https://carfromjapan.com/cheap-used-bmw-2-series-2019-for-sale-69b34ab515dc0f0d9ef5db05,1500,2019,15800.0,WBA6S120207E46***,Automatic,２１８ｉアクティブツアラー,-,12.21 m3,Petrol,White,Auction Grade,CFJ2476808,9375,5,-,5,Right,DBA-6S15,7,1214062.5,130000,18210.94,1362273.44,476795.7,340568.36,47679.57,27245.47,348742.0,50000,22500,10000,2685804.54
https://carfromjapan.com/cheap-used-subaru-forester-2025-for-sale-69b345b815dc0fa681e69c2a,2500,2025,200.0,SLG007***,Automatic,Ｘ－ブレイクＳ：ＨＥＶ　ＥＸ,4WD,17 m3,Hybrid,Other,Auction Grade,CFJ2474545,33846,5,-,5,Right,SLG,1,4383057.0,130000,65745.85,4578802.86,1602581.0,1373640.86,160258.1,91576.06,1208803.95,50000,22500,10000,9098162.82
https://carfromjapan.com/cheap-used-toyota-hiace-van-2019-for-sale-69328ae7ef0b8748a8cf7c7c,2800,2019,29000.0,GDH206-1028***,Automatic,ウェルキャブCタイプ 4WD,4WD,17.68 m3,Diesel,Silver,Auction Grade,CFJ2056875,33540,4,-,10,-,QDF-GDH206Kカイ,7,4343430.0,130000,65151.45,4538581.45,1588503.51,1361574.44,158850.35,90771.63,1198185.5,50000,22500,10000,9018966.88
https://carfromjapan.com/cheap-used-toyota-hiace-wagon-2025-for-sale-6886b3b2b3aabd738ae397f4,2700,2025,,TRH229-0018***,Automatic,"Grand Cabin 4WD, improved model, power slide, panoramic view, digital inner mirror",4WD,23 m3,Petrol,Pearl,Auction Grade,CFJ1478395,25999,4,-,10,Right,3BA-TRH229W,1,3366870.5,130000,50503.06,3547373.56,1241580.75,1064212.07,124158.07,70947.47,936506.62,50000,22500,10000,7067278.53
https://carfromjapan.com/cheap-used-toyota-rav4-2021-for-sale-6a08ac42032fc86c0574f3ba,2500,2021,45000.0,AXAP54-0005***,Automatic,2.5 G Z,2WD,14.38 m3,Petrol,Blue,Auction Grade,CFJ2797464,23331,5,-,5,-,6LA-AXAP54,5,3021364.5,130000,45320.47,3196684.97,1118839.74,959005.49,111883.97,63933.7,843924.83,50000,22500,10000,6376772.7
https://carfromjapan.com/cheap-used-subaru-forester-2021-for-sale-69e2c131ba10e79439408f2e,1800,2021,31700.0,SK5005***,Automatic,1.8 ｽﾎﾟｰﾂ 4WD,4WD,14.3 m3,Petrol,Other,Auction Grade,CFJ2672422,15963,5,-,5,Right,4BA-SK5,5,2067208.5,130000,31008.13,2228216.63,779875.82,557054.16,77987.58,44564.33,570423.46,50000,22500,10000,4340621.98
https://carfromjapan.com/cheap-used-toyota-hiace-van-2019-for-sale-691b9c2ec8883d953eb7e8b6,2800,2019,28000.0,GDH206-1028***,Automatic,ウェルキャブBタイプ 4WD,4WD,17.68 m3,Diesel,Silver,Auction Grade,CFJ1968540,34325,4,-,10,-,QDF-GDH206Kカイ,7,4445087.5,130000,66676.31,4641763.81,1624617.33,1392529.14,162461.73,92835.28,1225425.65,50000,22500,10000,9222132.95
https://carfromjapan.com/cheap-used-toyota-rav4-2020-for-sale-6a05084c4aa468c6b2988e4c,2500,2020,44600.0,AXAH524003***,Automatic,ハイブリッドＸ,-,17 m3,Hybrid,Other,Auction Grade,CFJ2784250,20739,5,-,5,Right,AXAH52,6,2685700.5,130000,40285.51,2855986.01,999595.1,856795.8,99959.51,57119.72,753980.31,50000,22500,10000,5705936.45
https://carfromjapan.com/cheap-used-toyota-rav4-2019-for-sale-69d6e2b8fed37da5e28a50e9,2000,2019,12400.0,MXAA544010***,Automatic,G,4WD,14.3 m3,Petrol,Other,Auction Grade,CFJ2621812,17991,5,-,5,Other,MXAA54,7,2329834.5,130000,34947.52,2494782.02,873173.71,623695.5,87317.37,49895.64,638664.2,50000,22500,10000,4850028.44
https://carfromjapan.com/cheap-used-bmw-2-series-2022-for-sale-69e40e50bacb66531dd0a8c0,1500,2022,10800.0,WBA62BX0407L50***,Automatic,２１８ｉアクティブツアラーエクスクルシブハイラインＰ,2WD,12.57 m3,Petrol,Other,Auction Grade,CFJ2675339,20347,5,-,5,Right,62BX15,4,2634936.5,130000,39524.05,2804460.55,981561.19,701115.14,98156.12,56089.21,717941.9,50000,22500,10000,5441824.11
https://carfromjapan.com/cheap-used-toyota-rav4-2022-for-sale-69a4ca3fed81a3dc24939f42,2000,2022,23500.0,MXAA544034***,Automatic,Ｇ,4WD,13.26 m3,Petrol,Pearl,Auction Grade,CFJ2420941,25844,5,-,5,Right,DBA-ACA31W,4,3346798.0,130000,50201.97,3526999.97,1234449.99,881749.99,123445.0,70540.0,902911.99,50000,22500,10000,6822596.94
https://carfromjapan.com/cheap-used-subaru-forester-2020-for-sale-6a07a870032fc84b553f4208,1800,2020,22700.0,SK5004***,Automatic,スポーツ,4WD,17 m3,Petrol,Silver,Auction Grade,CFJ2795059,15664,5,-,5,Right,SK5,6,2028488.0,130000,30427.32,2188915.32,766120.36,547228.83,76612.04,43778.31,560362.32,50000,22500,10000,4265517.18
https://carfromjapan.com/cheap-used-subaru-forester-2025-for-sale-69ab5e32946b9a2874e593e7,1800,2025,3100.0,SL5007***,Automatic,スポーツ　ブラックセレクション,4WD,17 m3,Petrol,Other,Auction Grade,CFJ2446835,30477,5,-,5,Right,SL5,1,3946771.5,130000,59201.57,4135973.07,1447590.58,1033993.27,144759.06,82719.46,1058809.11,50000,22500,10000,7986344.54
https://carfromjapan.com/cheap-used-mazda-cx-30-2019-for-sale-69fafeecc15b58c11879a283,1800,2019,28800.0,DM80-103***,Automatic,XD PROACTIVE TOURING SELECTION,4WD,12.15 m3,Diesel,Red,Auction Grade,CFJ2760988,12400,5,-,5,Right,3DA-DM8P,7,1605800.0,130000,24087.0,1759887.0,615960.45,439971.75,61596.05,35197.74,450531.07,50000,22500,10000,3445644.06
https://carfromjapan.com/cheap-used-subaru-forester-2019-for-sale-69c5bb7283b1977ce876ca77,2500,2019,44800.0,SK9029***,Automatic,プレミアム,4WD,17 m3,Petrol,Black,Auction Grade,CFJ2549269,14765,5,-,5,Right,SK9,7,1912067.5,130000,28681.01,2070748.51,724761.98,621224.55,72476.2,41414.97,546677.61,50000,22500,10000,4159803.82
https://carfromjapan.com/cheap-used-subaru-forester-2025-for-sale-68b0bbb86e1d8982c9d99063,1800,2025,10000.0,SL5-002***,Automatic,スポーツEX★11.6インチナビ★マルチ,4WD,14.72 m3,Petrol,Black,Auction Grade,CFJ1597560,32119,5,-,5,-,3BA-SL5,1,4159410.5,130000,62391.16,4351801.66,1523130.58,1087950.41,152313.06,87036.03,1114061.22,50000,22500,10000,8398792.97
https://carfromjapan.com/cheap-used-toyota-harrier-2020-for-sale-6a08af7a6c3bf8b3e8aa27fc,2500,2020,22000.0,AXUH85-0001***,Automatic,2.5 G 4WD,4WD,14.56 m3,Petrol,Gray,Auction Grade,CFJ2797643,21603,5,-,5,-,6AA-AXUH85,6,2797588.5,130000,41963.83,2969552.33,1039343.31,890865.7,103934.33,59391.05,783961.81,50000,22500,10000,5929548.53
https://carfromjapan.com/cheap-used-toyota-hiace-van-2022-for-sale-6986ec6bb5ba4662fccfc6ef,2700,2022,31000.0,TRH221-0099***,Automatic,キャンピング 買取車 ビーク,-,16.5 m3,Petrol,Gold,Auction Grade,CFJ2314214,36509,4,-,-,-,3BF-TRH221K,4,4727915.5,130000,70918.73,4928834.23,1725091.98,1478650.27,172509.2,98576.68,1301212.24,50000,22500,10000,9787374.6
https://carfromjapan.com/cheap-used-subaru-forester-2025-for-sale-69d6df48fed37d231f7e0b68,2500,2025,5900.0,SLG009***,Automatic,Ｘ－ブレイクＳ：ＨＥＶ　ＥＸ,4WD,17 m3,Hybrid,Other,Auction Grade,CFJ2620933,34090,5,-,5,Right,SLG,1,4414655.0,130000,66219.82,4610874.83,1613806.19,1383262.45,161380.62,92217.5,1217270.95,50000,22500,10000,9161312.53
https://carfromjapan.com/cheap-used-subaru-forester-2025-for-sale-69f3e1cbb371b10050a4907c,2500,2025,3300.0,SLG008***,Automatic,Ｘ－ブレイクＳ：ＨＥＶ　ＥＸ,4WD,17 m3,Hybrid,Other,Auction Grade,CFJ2736415,36289,5,-,5,Right,SLG,1,4699425.5,130000,70491.38,4899916.88,1714970.91,1469975.06,171497.09,97998.34,1293578.06,50000,22500,10000,9730436.34
https://carfromjapan.com/cheap-used-nissan-note-2022-for-sale-6a025fc6d32bf908669003bd,1200,2022,70500.0,FSNE13503***,Automatic,1.2 G FOUR,4WD,10.62 m3,Petrol,Other,Auction Grade,CFJ2774593,10066,5,-,5,Right,6AA-FSNE13,4,1303547.0,130000,19553.2,1453100.21,508585.07,363275.05,50858.51,29062.0,371993.65,50000,22500,10000,2859374.49
https://carfromjapan.com/cheap-used-volvo-xc60-2021-for-sale-69ffc2a9adabac0ca679fb11,2000,2021,46800.0,YV1UZL1MCM1824***,Automatic,Ｂ５　ＡＷＤ　インスクリプション,4WD,17 m3,Hybrid,Gray,Auction Grade,CFJ2770983,20268,5,-,5,Right,UB420TXCM,5,2624706.0,130000,39370.59,2794076.59,977926.81,698519.15,97792.68,55881.53,715283.61,50000,22500,10000,5421980.36
https://carfromjapan.com/cheap-used-bmw-2-series-2022-for-sale-69e56245bacb6616f31952be,3000,2022,42000.0,WBA52CM0408C59***,Automatic,Ｍ２４０ｉ ｘＤｒｉｖｅクーペ ハイラインパッケージ,4WD,11.69 m3,Petrol,Pearl,Auction Grade,CFJ2681272,35268,2,-,4,Right,3BA-52CM30,4,4567206.0,130000,68508.09,4765714.09,1667999.93,1429714.23,166799.99,95314.28,1258148.52,50000,22500,10000,9466191.04
https://carfromjapan.com/cheap-used-toyota-hiace-van-2019-for-sale-69bbe44a0d235c808237d54f,2800,2019,4000.0,1033***,Automatic,ウェルキャブASタイプ S03023,-,16.5 m3,Diesel,White,Auction Grade,CFJ2512988,36053,4,-,-,-,GDH206Kカイ,7,4668863.5,130000,70032.95,4868896.45,1704113.76,1460668.94,170411.38,97377.93,1285388.66,50000,22500,10000,9669357.11
https://carfromjapan.com/cheap-used-subaru-forester-2025-for-sale-69a012aded81a3d004ac19b2,1800,2025,1000.0,SL5-007***,Automatic,スポーツ EX,4WD,17 m3,Petrol,Gray,Auction Grade,CFJ2403015,32912,5,-,5,-,3BA-SL5,1,4262104.0,130000,63931.56,4456035.56,1559612.45,1114008.89,155961.24,89120.71,1140745.1,50000,22500,10000,8597983.96
https://carfromjapan.com/cheap-used-toyota-harrier-2022-for-sale-6a08b196032fc805a375311c,2000,2022,52000.0,MXUA85-0011***,Automatic,★2.0 S 4WD,4WD,14.56 m3,Petrol,Black,Auction Grade,CFJ2797726,18384,5,-,5,-,6BA-MXUA85,4,2380728.0,130000,35710.92,2546438.92,891253.62,636609.73,89125.36,50928.78,651888.36,50000,22500,10000,4948744.78
https://carfromjapan.com/cheap-used-toyota-hiace-van-2019-for-sale-6923c4509080346b3ebacc11,2000,2019,74000.0,TRH2000307***,Automatic,-,-,16.5 m3,Petrol,White,Auction Grade,CFJ1997385,10788,4,-,-,Right,CBF-TRH200K,7,1397046.0,130000,20955.69,1548001.69,541800.59,387000.42,54180.06,30960.03,396288.43,50000,22500,10000,3040731.23
https://carfromjapan.com/cheap-used-nissan-x-trail-2022-for-sale-69b9dd439c68685ec5c90fe4,1500,2022,18700.0,SNT33006***,Automatic,Ｓ　ｅ－４ＯＲＣＥ,4WD,17 m3,Hybrid,Silver,Auction Grade,CFJ2502257,20504,5,-,-,Right,SNT33,4,2655268.0,130000,39829.02,2825097.02,988783.96,706274.26,98878.4,56501.94,723224.84,50000,22500,10000,5481260.41
https://carfromjapan.com/cheap-used-volvo-xc60-2019-for-sale-6a08f89a032fc8ca187ce8f4,2000,2019,33000.0,YV1UZA8MCL1484***,Automatic,Ｄ４　ＡＷＤ　インスクリプション,4WD,17 m3,Diesel,White,Auction Grade,CFJ2797889,26896,5,-,5,Right,UD4204TXC,7,3483032.0,130000,52245.48,3665277.48,1282847.12,916319.37,128284.71,73305.55,938311.03,50000,22500,10000,7086845.26
https://carfromjapan.com/cheap-used-subaru-forester-2025-for-sale-698faecd629dceae33dc52f4,1800,2025,3700.0,SL5004***,Automatic,スポーツ　ＥＸ,4WD,17 m3,Petrol,Other,Auction Grade,CFJ2344546,32127,5,-,5,Right,SL5,1,4160446.5,130000,62406.7,4352853.2,1523498.62,1088213.3,152349.86,87057.06,1114330.42,50000,22500,10000,8400802.46
https://carfromjapan.com/cheap-used-nissan-x-trail-2020-for-sale-6a0488f3a329fa45949a2450,2000,2020,45000.0,T32-555***,Automatic,20Xi★後期★7人★プロパイロット★エ,2WD,14.85 m3,Petrol,Red,Auction Grade,CFJ2780622,11824,5,-,7,-,5BA-T32,6,1531208.0,130000,22968.12,1684176.12,589461.64,421044.03,58946.16,33683.52,431149.09,50000,22500,10000,3300960.57
https://carfromjapan.com/cheap-used-toyota-rav4-2021-for-sale-69b3476215dc0f7b91ebb41e,2500,2021,59300.0,AXAP540004***,Automatic,Ｇ　Ｚ,4WD,14.38 m3,Hybrid,Other,Auction Grade,CFJ2475227,22703,5,-,5,Right,AXAP54,5,2940038.5,130000,44100.58,3114139.08,1089948.68,934241.72,108994.87,62282.78,822132.72,50000,22500,10000,6214239.84
https://carfromjapan.com/cheap-used-nissan-gt-r-2019-for-sale-6a0497834c42ba722c81de4d,3800,2019,8000.0,R35-130***,Automatic,ピュアエディション,4WD,12 m3,Petrol,Pearl,Auction Grade,CFJ2780867,108199,2,-,4,-,4BA-R35,7,14011770.5,130000,210176.56,14351947.06,5023181.47,5023181.47,502318.15,287038.94,3903729.6,50000,22500,10000,29173896.69
https://carfromjapan.com/cheap-used-bmw-2-series-2022-for-sale-6a078970032fc8f8fe371eda,1500,2022,11000.0,WBA62BX0407L50***,Automatic,218i エクスクルーシブ,2WD,11 m3,Petrol,Blue,Auction Grade,CFJ2793269,20347,5,-,5,-,3BA-62BX15,4,2634936.5,130000,39524.05,2804460.55,981561.19,701115.14,98156.12,56089.21,717941.9,50000,22500,10000,5441824.11
https://carfromjapan.com/cheap-used-bmw-2-series-2022-for-sale-69a616a0427a297158a14884,1500,2022,8000.0,WBA62BXX0607L54***,Automatic,２１８ｉアクティブツアラー　Ｍスポーツ,-,11 m3,Petrol,White,Auction Grade,CFJ2424959,20897,5,-,5,Right,62BX15,4,2706161.5,130000,40592.42,2876753.92,1006863.87,719188.48,100686.39,57535.08,736449.0,50000,22500,10000,5579976.75
https://carfromjapan.com/cheap-used-toyota-hiace-van-2020-for-sale-69f910bd1374d02a69e69aee,2800,2020,71000.0,GDH206-1033***,Automatic,ウェルキャブ 4WD,-,17.68 m3,Diesel,White,Auction Grade,CFJ2756489,22373,4,-,-,-,QDF-GDH206Kカイ,6,2897303.5,130000,43459.55,3070763.05,1074767.07,921228.92,107476.71,61415.26,810681.45,50000,22500,10000,6128832.45
https://carfromjapan.com/cheap-used-bmw-2-series-2021-for-sale-69eb3250ac4038e7d86ca28e,2000,2021,27000.0,WBA32AM0707H01***,Automatic,218d プレイ,2WD,11.66 m3,Diesel,Red,Auction Grade,CFJ2706332,11832,4,-,5,-,3DA-7M20,5,1532244.0,130000,22983.66,1685227.66,589829.68,421306.91,58982.97,33704.55,431418.28,50000,22500,10000,3302970.06
https://carfromjapan.com/cheap-used-toyota-rav4-2019-for-sale-69d8bf42049d5f1975b1718a,2500,2019,49000.0,AXAH52-4002***,Automatic,ハイブリッドX,-,17 m3,Hybrid,Pearl,Auction Grade,CFJ2629628,22781,5,-,5,-,6AA-AXAH52,7,2950139.5,130000,44252.09,3124391.59,1093537.06,937317.48,109353.71,62487.83,824839.38,50000,22500,10000,6234427.05
https://carfromjapan.com/cheap-used-toyota-rav4-2019-for-sale-69ed47e06159e517eec8846c,2000,2019,19300.0,MXAA542016***,Automatic,Ｘ,4WD,17 m3,Petrol,Other,Auction Grade,CFJ2712541,18855,5,-,5,Right,MXAA54,7,2441722.5,130000,36625.84,2608348.34,912921.92,652087.08,91292.19,52166.97,667737.17,50000,22500,10000,5067053.67
https://carfromjapan.com/cheap-used-subaru-forester-2025-for-sale-69e699897344fe0eed0a69e1,1800,2025,12000.0,SL5-004***,Automatic,スポーツ,-,17 m3,Petrol,Gray,Auction Grade,CFJ2683867,30006,5,-,-,-,SL5,1,3885777.0,130000,58286.65,4074063.65,1425922.28,1018515.91,142592.23,81481.27,1042960.3,50000,22500,10000,7868035.64
https://carfromjapan.com/cheap-used-toyota-rav4-2021-for-sale-69e55ee2bacb664ca40ec53b,2000,2021,55600.0,MXAA524006***,Automatic,Ｘ,-,17 m3,Petrol,Other,Auction Grade,CFJ2679664,16439,5,-,5,Right,MXAA52,5,2128850.5,130000,31932.76,2290783.26,801774.14,572695.81,80177.41,45815.67,586440.51,50000,22500,10000,4460186.81
https://carfromjapan.com/cheap-used-toyota-rav4-2021-for-sale-69fab2400202b65212e113fe,2500,2021,45000.0,0005***,Automatic,2.5 G Z,-,17 m3,Petrol,Dark_blue,Auction Grade,CFJ2760607,23331,5,-,-,-,AXAP54,5,3021364.5,130000,45320.47,3196684.97,1118839.74,959005.49,111883.97,63933.7,843924.83,50000,22500,10000,6376772.7
https://carfromjapan.com/cheap-used-toyota-rav4-2021-for-sale-6a025fcb29365f4f4f2ff751,2500,2021,12000.0,AXAP540002***,Automatic,ブラックトーン,4WD,17 m3,Hybrid,Other,Auction Grade,CFJ2774601,29692,5,-,5,Right,AXAP54,5,3845114.0,130000,57676.71,4032790.71,1411476.75,1209837.21,141147.67,80655.81,1064656.75,50000,22500,10000,8023064.91
https://carfromjapan.com/cheap-used-subaru-forester-2025-for-sale-69e1b0c15d307cac771629f7,2500,2025,3000.0,SLG-010***,Automatic,プレミアムS:HEVEX4WD,-,17 m3,Hybrid,Brown,Auction Grade,CFJ2667201,36202,5,-,5,-,5AA-SLG,1,4688159.0,130000,70322.38,4888481.38,1710968.48,1466544.42,171096.85,97769.63,1290559.09,50000,22500,10000,9707919.85
https://carfromjapan.com/cheap-used-toyota-rav4-2021-for-sale-69f5315bb371b1926ade8b0a,2500,2021,24000.0,AXAH524006***,Automatic,ハイブリッドＸ,-,17 m3,Hybrid,Other,Auction Grade,CFJ2744256,23488,5,-,5,Right,AXAH52,5,3041696.0,130000,45625.44,3217321.44,1126062.5,965196.43,112606.25,64346.43,849372.86,50000,22500,10000,6417405.92
https://carfromjapan.com/cheap-used-subaru-forester-2019-for-sale-69f684bbb371b111ff273951,2000,2019,20600.0,SKE034***,Automatic,アドバンス,4WD,17 m3,Hybrid,Other,Auction Grade,CFJ2748500,19561,5,-,5,Right,SKE,7,2533149.5,130000,37997.24,2701146.74,945401.36,675286.69,94540.14,54022.93,691493.57,50000,22500,10000,5244391.42
https://carfromjapan.com/cheap-used-subaru-forester-2020-for-sale-69d2ed9a304e3d8fc4a24248,1800,2020,43700.0,SK5003***,Automatic,スポーツ,4WD,17 m3,Petrol,Green,Auction Grade,CFJ2607189,14965,5,-,5,Right,SK5,6,1937967.5,130000,29069.51,2097037.01,733962.95,524259.25,73396.3,41940.74,536841.48,50000,22500,10000,4089937.73
https://carfromjapan.com/cheap-used-toyota-rav4-2021-for-sale-6987e852b5ba4625c6008731,2500,2021,39600.0,AXAH544028***,Automatic,-,4WD,14.3 m3,Hybrid,Pearl,Auction Grade,CFJ2317650,18182,5,-,-,Right,6AA-AXAH54,5,2354569.0,130000,35318.53,2519887.54,881960.64,755966.26,88196.06,50397.75,665250.31,50000,22500,10000,5044158.56
https://carfromjapan.com/cheap-used-toyota-crown-2019-for-sale-69fbcb0e79c53837234ed417,2000,2019,21500.0,ARS2201003***,Automatic,B ダブルD.PナビTV セーフティセンス ドラレコ・レーダー付 Bi-Beam LEDヘッドランプ,-,12.82 m3,Petrol,Pearl,Auction Grade,CFJ2761542,20253,4,-,5,Right,3BA-ARS220,7,2622763.5,130000,39341.45,2792104.95,977236.73,698026.24,97723.67,55842.1,714778.87,50000,22500,10000,5418212.56
https://carfromjapan.com/cheap-used-subaru-forester-2025-for-sale-69e6b17232a97f6f6565a662,1800,2025,1100.0,SL5007***,Automatic,スポーツ　ＥＸ,4WD,17 m3,Petrol,Other,Auction Grade,CFJ2685022,32755,5,-,5,Right,SL5,1,4241772.5,130000,63626.59,4435399.09,1552389.68,1108849.77,155238.97,88707.98,1135462.17,50000,22500,10000,8558547.66
https://carfromjapan.com/cheap-used-volvo-xc60-2021-for-sale-6a07864e6c3bf84b4067d19c,2000,2021,75000.0,YV1UZL1MCM1787***,Automatic,B5 AWD インスクリプション,4WD,17 m3,Hybrid,Black,Auction Grade,CFJ2793108,19954,5,-,5,-,5AA-UB420TXCM,5,2584043.0,130000,38760.64,2752803.65,963481.28,688200.91,96348.13,55056.07,704717.73,50000,22500,10000,5343107.77
https://carfromjapan.com/cheap-used-toyota-hiace-van-2019-for-sale-699e99c0ed81a34b006158de,2000,2019,48000.0,0307***,Automatic,2.0 ウェルキャブ Bタイプ 車椅子2脚仕,-,16.5 m3,Petrol,White,Auction Grade,CFJ2396566,22695,4,-,-,-,TRH200K KAI,7,2939002.5,130000,44085.04,3113087.54,1089580.64,778271.88,108958.06,62261.75,796950.41,50000,22500,10000,6031610.28
https://carfromjapan.com/cheap-used-subaru-forester-2025-for-sale-695fda03090a22303d7b346a,2500,2025,3000.0,SLG-008***,Automatic,X-ブレイク S:HEV EX,4WD,17 m3,Hybrid,Black,Auction Grade,CFJ2183812,36289,5,-,5,-,5AA-SLG,1,4699425.5,130000,70491.38,4899916.88,1714970.91,1469975.06,171497.09,97998.34,1293578.06,50000,22500,10000,9730436.34
https://carfromjapan.com/cheap-used-toyota-corolla-fielder-2021-for-sale-69ed7909ac40384ceae98dab,1500,2021,51000.0,NKE1657242***,Automatic,-,-,10.93 m3,Petrol,Silver,Auction Grade,CFJ2714200,6283,5,-,-,Right,6AA-NKE165G,5,813648.5,130000,12204.73,955853.23,334548.63,238963.31,33454.86,19117.06,244698.43,50000,22500,10000,1909135.52
https://carfromjapan.com/cheap-used-toyota-rav4-2019-for-sale-69603980090a229abc891c5d,2000,2019,45500.0,MXAA525002***,Automatic,Ｘ,-,17 m3,Petrol,Other,Auction Grade,CFJ2185997,20897,5,-,5,Right,MXAA52,7,2706161.5,130000,40592.42,2876753.92,1006863.87,719188.48,100686.39,57535.08,736449.0,50000,22500,10000,5579976.75
https://carfromjapan.com/cheap-used-toyota-rav4-2019-for-sale-6a0655bd64ce682d780ec278,2000,2019,39900.0,MXAA542012***,Automatic,アドベンチャー,4WD,17 m3,Petrol,Other,Auction Grade,CFJ2787588,21368,5,-,5,Right,MXAA54,7,2767156.0,130000,41507.34,2938663.34,1028532.17,734665.83,102853.22,58773.27,752297.82,50000,22500,10000,5698285.64
https://carfromjapan.com/cheap-used-toyota-rav4-2020-for-sale-69ce7862a7177f1cde0f9d2a,2000,2020,57800.0,MXAA524003***,Automatic,-,2WD,14.3 m3,Petrol,Black,Auction Grade,CFJ2586073,15838,5,-,5,Right,6BA-MXAA52,6,2051021.0,130000,30765.31,2211786.31,774125.21,552946.58,77412.52,44235.73,566217.3,50000,22500,10000,4309223.65
https://carfromjapan.com/cheap-used-bmw-2-series-2020-for-sale-6945e534aa308ce8fdd2203f,2000,2020,9800.0,WBA12AL0207G35***,Automatic,Ｍ２３５ｉ　ｘＤｒｉｖｅグランクーペ,4WD,15 m3,Petrol,Black,Auction Grade,CFJ2125876,27344,4,-,5,Right,7L20,6,3541048.0,130000,53115.72,3724163.72,1303457.3,931040.93,130345.73,74483.27,953385.91,50000,22500,10000,7199376.87
https://carfromjapan.com/cheap-used-toyota-rav4-2021-for-sale-69b5ea28ab4bcf77f6f19137,2500,2021,19200.0,AXAP540005***,Automatic,Ｇ　Ｚ,4WD,17 m3,Hybrid,Other,Auction Grade,CFJ2486720,25451,5,-,5,Right,AXAP54,5,3295904.5,130000,49438.57,3475343.07,1216370.07,1042602.92,121637.01,69506.86,917490.57,50000,22500,10000,6925450.5
https://carfromjapan.com/cheap-used-toyota-rav4-2021-for-sale-6a0261a0d32bf94281957471,2500,2021,131100.0,AXAP540001***,Automatic,ﾌﾞﾗｯｸﾄｰﾝ,4WD,14.38 m3,Hybrid,Other,Auction Grade,CFJ2775076,21132,5,-,5,Other,AXAP54,5,2736594.0,130000,41048.91,2907642.91,1017675.02,872292.87,101767.5,58152.86,767617.73,50000,22500,10000,5807648.89
https://carfromjapan.com/cheap-used-nissan-x-trail-2022-for-sale-69f500e7b371b17a03d8c689,1500,2022,24000.0,000***,Automatic,G,-,17 m3,Petrol,Pearl,Auction Grade,CFJ2743462,21760,5,-,-,-,T33,4,2817920.0,130000,42268.8,2990188.8,1046566.08,747547.2,104656.61,59803.78,765488.33,50000,22500,10000,5796750.8
https://carfromjapan.com/cheap-used-subaru-forester-2025-for-sale-69e954033f68796625d8bce6,2500,2025,5300.0,SLG006***,Automatic,Ｘ－ブレイクＳ：ＨＥＶ　ＥＸ,4WD,17 m3,Hybrid,Other,Auction Grade,CFJ2696097,36438,5,-,5,Right,SLG,1,4718721.0,130000,70780.82,4919501.82,1721825.64,1475850.54,172182.56,98390.04,1298748.48,50000,22500,10000,9768999.07
https://carfromjapan.com/cheap-used-bmw-2-series-2022-for-sale-69e172765d307c58700472ad,3000,2022,41000.0,WBA52CM0408C59***,Automatic,M240i xDrive,4WD,12 m3,Petrol,Pearl,Auction Grade,CFJ2666410,35268,2,-,4,-,3BA-52CM30,4,4567206.0,130000,68508.09,4765714.09,1667999.93,1429714.23,166799.99,95314.28,1258148.52,50000,22500,10000,9466191.04
https://carfromjapan.com/cheap-used-toyota-rav4-2020-for-sale-69bb2f597023c62dd22a174e,2500,2020,28700.0,AXAP540001***,Automatic,ブラックトーン,4WD,17 m3,Hybrid,Other,Auction Grade,CFJ2509573,24666,5,-,5,Right,AXAP54,6,3194247.0,130000,47913.71,3372160.71,1180256.25,1011648.21,118025.62,67443.21,890250.43,50000,22500,10000,6722284.43
https://carfromjapan.com/cheap-used-nissan-note-2022-for-sale-69f68319b371b1178221f3b8,1200,2022,500.0,FE13299***,Automatic,1.2 G,-,10.62 m3,Petrol,Other,Auction Grade,CFJ2747828,11448,5,-,5,Right,6AA-FE13,4,1482516.0,130000,22237.74,1634753.74,572163.81,408688.43,57216.38,32695.07,418496.96,50000,22500,10000,3206514.4
https://carfromjapan.com/cheap-used-subaru-forester-2021-for-sale-696ebb6669d6f681af835483,1800,2021,103100.0,SK5014***,Automatic,スポーツ/後期/サンルーフ,4WD,14.3 m3,Petrol,Black,Auction Grade,CFJ2231143,14512,5,-,5,Right,4BA-SK5,5,1879304.0,130000,28189.56,2037493.56,713122.75,509373.39,71312.27,40749.87,521598.35,50000,22500,10000,3976150.19
https://carfromjapan.com/cheap-used-bmw-2-series-2020-for-sale-69f92798a08a2d43a7cc78ac,2000,2020,28200.0,WBA32AM0607G59***,Automatic,218dｸﾞﾗﾝｸｰﾍﾟﾌﾟﾚｲEdｼﾞｮｲﾌﾟﾗｽ,2WD,11.9 m3,Diesel,Other,Auction Grade,CFJ2756821,11832,4,-,5,Other,7M20,6,1532244.0,130000,22983.66,1685227.66,589829.68,421306.91,58982.97,33704.55,431418.28,50000,22500,10000,3302970.06
https://carfromjapan.com/cheap-used-subaru-forester-2019-for-sale-69e560a27210447b57594957,2500,2019,66800.0,SK9029***,Automatic,プレミアム,4WD,17 m3,Petrol,Other,Auction Grade,CFJ2680713,15518,5,-,5,Right,SK9,7,2009581.0,130000,30143.72,2169724.71,759403.65,650917.41,75940.37,43394.49,572807.32,50000,22500,10000,4354687.96
https://carfromjapan.com/cheap-used-toyota-rav4-2020-for-sale-69f7d6e99684927fae772427,2500,2020,66700.0,AXAH524003***,Automatic,ハイブリッドＸ,-,17 m3,Hybrid,Other,Auction Grade,CFJ2755063,20739,5,-,5,Right,AXAH52,6,2685700.5,130000,40285.51,2855986.01,999595.1,856795.8,99959.51,57119.72,753980.31,50000,22500,10000,5705936.45
https://carfromjapan.com/cheap-used-subaru-forester-2019-for-sale-6a04acf5a329faee38a0acf8,2000,2019,30000.0,SKE-031***,Automatic,アドバンス,4WD,17 m3,Hybrid,Pearl,Auction Grade,CFJ2781326,19561,5,-,5,-,5AA-SKE,7,2533149.5,130000,37997.24,2701146.74,945401.36,675286.69,94540.14,54022.93,691493.57,50000,22500,10000,5244391.42
https://carfromjapan.com/cheap-used-toyota-rav4-2019-for-sale-6a048376a329fa1390990945,2500,2019,88000.0,AXAH54-2006***,Automatic,G,4WD,17 m3,Hybrid,Pearl,Auction Grade,CFJ2780304,20331,5,-,5,-,6AA-AXAH54,7,2632864.5,130000,39492.97,2802357.47,980825.11,840707.24,98082.51,56047.15,739822.37,50000,22500,10000,5600341.85
https://carfromjapan.com/cheap-used-toyota-land-cruiser-prado-2020-for-sale-6a053830a329fa0d5bc7b738,2800,2020,78905.0,GDJ151-0009***,Automatic,TZ-G,4WD,17.04 m3,Diesel,-,Auction Grade,CFJ2785143,39856,6,-,7,Right,3DA-GDJ151W,6,5161352.0,130000,77420.28,5368772.28,1879070.3,1610631.68,187907.03,107375.45,1417355.88,50000,22500,10000,10653612.62
https://carfromjapan.com/cheap-used-toyota-rav4-2021-for-sale-69f25ccab371b15a4657fbbb,2500,2021,115000.0,AXAP54-0002***,Automatic,G Z,4WD,14.38 m3,Hybrid,Black,Auction Grade,CFJ2731500,20952,5,-,5,-,6LA-AXAP54,5,2713284.0,130000,40699.26,2883983.26,1009394.14,865194.98,100939.41,57679.67,761371.58,50000,22500,10000,5761063.04
https://carfromjapan.com/cheap-used-toyota-rav4-2019-for-sale-69b56f7cab4bcf219ce1aa8d,2019,2019,110200.0,MXAA545004***,Automatic,-,4WD,14.3 m3,Petrol,White,Auction Grade,CFJ2485958,15373,5,-,5,Right,6BA-MXAA54,7,1990803.5,130000,29862.05,2150665.55,752732.94,645199.67,75273.29,43013.31,567775.71,50000,22500,10000,4317160.47
https://carfromjapan.com/cheap-used-toyota-rav4-2021-for-sale-69ed48b86159e5feb2cb19fc,2500,2021,25200.0,AXAH524006***,Automatic,ハイブリッドＸ,-,17 m3,Hybrid,Other,Auction Grade,CFJ2712762,23488,5,-,5,Right,AXAH52,5,3041696.0,130000,45625.44,3217321.44,1126062.5,965196.43,112606.25,64346.43,849372.86,50000,22500,10000,6417405.92
https://carfromjapan.com/cheap-used-toyota-rav4-2026-for-sale-69dad28014952dbefd0e2d6e,2500,2026,700.0,AXAN643001***,Automatic,アドベンチャー,4WD,17 m3,Hybrid,Other,Auction Grade,CFJ2638208,39980,5,-,5,Right,AXAN64,0,5177410.0,130000,77661.15,5385071.15,1884774.9,1615521.34,188477.49,107701.42,1421658.78,50000,22500,10000,10685705.09
https://carfromjapan.com/cheap-used-nissan-note-2021-for-sale-69f68328b371b19fa9222701,1200,2021,8500.0,FSNE13501***,Automatic,1.2 G ﾚｻﾞｰ FOUR,4WD,10.62 m3,Petrol,Other,Auction Grade,CFJ2747858,11448,5,-,5,Right,6AA-FSNE13,5,1482516.0,130000,22237.74,1634753.74,572163.81,408688.43,57216.38,32695.07,418496.96,50000,22500,10000,3206514.4
https://carfromjapan.com/cheap-used-toyota-land-cruiser-prado-2022-for-sale-69deeb774e6f91aed22f91ff,2700,2022,16300.0,TRJ1500150***,Automatic,-,4WD,17.13 m3,Petrol,Pearl,Auction Grade,CFJ2656495,26429,5,-,-,Right,3BA-TRJ150W,4,3422555.5,130000,51338.33,3603893.83,1261362.84,1081168.15,126136.28,72077.88,951427.97,50000,22500,10000,7178566.96
https://carfromjapan.com/cheap-used-toyota-rav4-2020-for-sale-69fd3df90202b61f7b6875d6,2000,2020,27800.0,MXAA544018***,Automatic,-,4WD,14.3 m3,Petrol,Black,Auction Grade,CFJ2764203,16234,5,-,-,Right,6BA-MXAA54,6,2102303.0,130000,31534.54,2263837.54,792343.14,565959.39,79234.31,45276.75,579542.41,50000,22500,10000,4408693.55
https://carfromjapan.com/cheap-used-subaru-forester-2021-for-sale-6a03b6f6a329fae06875c2bc,1800,2021,53100.0,SK5005***,Automatic,スポーツ,4WD,17 m3,Petrol,Silver,Auction Grade,CFJ2779354,16048,5,-,5,Right,SK5,5,2078216.0,130000,31173.24,2239389.24,783786.23,559847.31,78378.62,44787.78,573283.65,50000,22500,10000,4361972.84
https://carfromjapan.com/cheap-used-subaru-forester-2019-for-sale-69f4074db371b140fbc06d57,2500,2019,15000.0,SK9-027***,Automatic,X-ブレイク,4WD,17 m3,Petrol,Pearl,Auction Grade,CFJ2738538,19954,5,-,5,-,5BA-SK9,7,2584043.0,130000,38760.64,2752803.65,963481.28,825841.09,96348.13,55056.07,726740.16,50000,22500,10000,5502770.38
https://carfromjapan.com/cheap-used-toyota-rav4-2021-for-sale-698fa1a4629dce67ead6c72d,2500,2021,65000.0,AXAP54-0002***,Automatic,2.5 BLACK TONE,2WD,14.38 m3,Hybrid,Red,Auction Grade,CFJ2343359,23095,5,-,5,-,6LA-AXAP54,5,2990802.5,130000,44862.04,3165664.54,1107982.59,949699.36,110798.26,63313.29,835735.44,50000,22500,10000,6315693.47
https://carfromjapan.com/cheap-used-toyota-rav4-2021-for-sale-6980fa2ad5ee073e58850d2c,2500,2021,93000.0,AXAP54-0002***,Automatic,2.5 BLACK TONE 4WD,4WD,14.38 m3,Hybrid,Other,Auction Grade,CFJ2290483,21132,5,-,5,-,6LA-AXAP54,5,2736594.0,130000,41048.91,2907642.91,1017675.02,872292.87,101767.5,58152.86,767617.73,50000,22500,10000,5807648.89
https://carfromjapan.com/cheap-used-subaru-forester-2019-for-sale-69bc85d2fbd7adb2fabccd11,2000,2019,15900.0,SKE031***,Automatic,アドバンス,4WD,14.4 m3,Petrol,Pearl,Auction Grade,CFJ2516145,17991,5,-,5,Right,5AA-SKE,7,2329834.5,130000,34947.52,2494782.02,873173.71,623695.5,87317.37,49895.64,638664.2,50000,22500,10000,4850028.44
https://carfromjapan.com/cheap-used-toyota-rav4-2019-for-sale-69b6785dddf0333810fb3f47,2000,2019,30000.0,MXAA52-4002***,Automatic,X,-,17 m3,Petrol,Pearl,Auction Grade,CFJ2490601,19671,5,-,5,-,6BA-MXAA52,7,2547394.5,130000,38210.92,2715605.42,950461.9,678901.35,95046.19,54312.11,695194.99,50000,22500,10000,5272021.95
https://carfromjapan.com/cheap-used-bmw-2-series-2022-for-sale-698e5f8134c5461aad808841,2000,2022,49900.0,WBA12AL0X07L10***,Automatic,Ｍ２３５ｉ　ｘＤｒｉｖｅグランクーペ,4WD,15 m3,Petrol,Black,Auction Grade,CFJ2338021,21273,4,-,5,Right,7L20,4,2754853.5,130000,41322.8,2926176.3,1024161.71,731544.08,102416.17,58523.53,749101.13,50000,22500,10000,5674422.91
https://carfromjapan.com/cheap-used-bmw-2-series-2022-for-sale-69a0d5052feb6747dbd8fcc4,2000,2022,50000.0,WBA22BY0807L45***,Automatic,２１８ｄアクティブツアラー,2WD,12.6 m3,Diesel,White,Auction Grade,CFJ2406739,18384,5,-,5,Right,22BY20,4,2380728.0,130000,35710.92,2546438.92,891253.62,636609.73,89125.36,50928.78,651888.36,50000,22500,10000,4948744.78
https://carfromjapan.com/cheap-used-toyota-rav4-2019-for-sale-69af510d36beeea1cdfa4402,2500,2019,32900.0,AXAH544012***,Automatic,ハイブリッドＧ,4WD,17 m3,Hybrid,Other,Auction Grade,CFJ2458059,22310,5,-,5,Right,AXAH54,7,2889145.0,130000,43337.17,3062482.17,1071868.76,918744.65,107186.88,61249.64,808495.29,50000,22500,10000,6112527.4
https://carfromjapan.com/cheap-used-toyota-rav4-2019-for-sale-69fe716b96adc378ead376e1,2000,2019,31800.0,MXAA544010***,Automatic,4WD_G_Zパッケージ,4WD,17 m3,Petrol,Pearl,Auction Grade,CFJ2768352,21116,5,-,5,Right,6BA-MXAA54,7,2734522.0,130000,41017.83,2905539.83,1016938.94,726384.96,101693.89,58110.8,743818.2,50000,22500,10000,5634986.62
https://carfromjapan.com/cheap-used-subaru-forester-2019-for-sale-6a080cb56c3bf8425f96f9f4,2500,2019,51000.0,SK9-028***,Automatic,プレミアム 4WD,-,17 m3,Petrol,Other,Auction Grade,CFJ2796226,14358,5,-,-,-,5BA-SK9,7,1859361.0,130000,27890.41,2017251.42,706038.0,605175.42,70603.8,40345.03,532554.37,50000,22500,10000,4054468.04
https://carfromjapan.com/cheap-used-toyota-rav4-2021-for-sale-69b88bb6d1656c9bf636993a,2500,2021,92800.0,AXAP540002***,Automatic,ブラックトーン,4WD,17 m3,Hybrid,Red,Auction Grade,CFJ2496887,21525,5,-,5,Right,AXAP54,5,2787487.5,130000,41812.31,2959299.81,1035754.93,887789.94,103575.49,59186.0,781255.15,50000,22500,10000,5909361.33
https://carfromjapan.com/cheap-used-toyota-hiace-van-2020-for-sale-69fcedaf0202b636fa433a54,2800,2020,114000.0,GDH206-1036***,Automatic,ウェルキャブ,-,17.68 m3,Diesel,White,Auction Grade,CFJ2762848,20017,4,-,-,-,QDF-GDH206Kカイ,6,2592201.5,130000,38883.02,2761084.52,966379.58,828325.36,96637.96,55221.69,728926.31,50000,22500,10000,5519075.42
https://carfromjapan.com/cheap-used-subaru-forester-2019-for-sale-69682448fe76744ee21bf99c,2000,2019,25300.0,SKE030***,Automatic,アドバンス,4WD,17 m3,Hybrid,Other,Auction Grade,CFJ2208786,18776,5,-,5,Right,SKE,7,2431492.0,130000,36472.38,2597964.38,909287.53,649491.09,90928.75,51959.29,665078.88,50000,22500,10000,5047209.93
https://carfromjapan.com/cheap-used-subaru-forester-2025-for-sale-69a8bb86113d6c64e18b8b2e,1800,2025,1600.0,SL5008***,Automatic,スポーツ　ＥＸ　ブラックセレクション,4WD,17 m3,Petrol,Other,Auction Grade,CFJ2435595,33697,5,-,5,Right,SL5,1,4363761.5,130000,65456.42,4559217.92,1595726.27,1139804.48,159572.63,91184.36,1167159.79,50000,22500,10000,8795165.45
https://carfromjapan.com/cheap-used-toyota-rav4-2021-for-sale-6a03b349a329fa89fe6c7011,2000,2021,76500.0,MXAA525005***,Automatic,X,2WD,14.3 m3,Petrol,Other,Auction Grade,CFJ2778904,18148,5,-,5,Other,MXAA52,5,2350166.0,130000,35252.49,2515418.49,880396.47,628854.62,88039.65,50308.37,643947.13,50000,22500,10000,4889464.73
https://carfromjapan.com/cheap-used-volvo-xc60-2021-for-sale-69fbcc150202b646cd0ebca6,2000,2021,12000.0,YV1UZL1MCM1782***,Automatic,B5 AWD モメンタム 4WD,4WD,17 m3,Hybrid,Gray,Auction Grade,CFJ2761567,23410,5,-,5,Right,5AA-UB420TXCM,5,3031595.0,130000,45473.92,3207068.92,1122474.12,801767.23,112247.41,64141.38,821009.64,50000,22500,10000,6211208.72
https://carfromjapan.com/cheap-used-toyota-hiace-van-2020-for-sale-69190b132d3d844edddf954f,2700,2020,37400.0,TRH2118009***,Automatic,スーパーＧＬ ダークプライムⅡ,-,19.15 m3,Petrol,Purple,Auction Grade,CFJ1960828,21980,5,-,5,Right,3BF-TRH211K,6,2846410.0,130000,42696.15,3019106.15,1056687.15,905731.84,105668.72,60382.12,797044.02,50000,22500,10000,6027120.01
https://carfromjapan.com/cheap-used-toyota-land-cruiser-2024-for-sale-69ec7e77c15b58c1183b7b63,3500,2024,4000.0,VJA300-4153***,Automatic,ZX,4WD,19.05 m3,Petrol,Pearl,Auction Grade,CFJ2711628,59462,5,-,7,Right,3BA-VJA300W,2,7700329.0,130000,115504.93,7945833.93,2781041.88,2781041.88,278104.19,158916.68,2161266.83,50000,22500,10000,16188705.39
https://carfromjapan.com/cheap-used-subaru-forester-2021-for-sale-69f3dfabb371b16a1d9d802d,1800,2021,61200.0,SK5005***,Automatic,1.8 スポーツ 4WD,4WD,14.47 m3,Petrol,Pearl,Auction Grade,CFJ2735630,16055,5,-,5,Right,4BA-SK5,5,2079122.5,130000,31186.84,2240309.34,784108.27,560077.33,78410.83,44806.19,573519.19,50000,22500,10000,4363731.14
https://carfromjapan.com/cheap-used-subaru-forester-2019-for-sale-69f6846db371b1c47c264024,2000,2019,38300.0,SKE030***,Automatic,アドバンス,4WD,17 m3,Hybrid,Other,Auction Grade,CFJ2748333,19012,5,-,5,Right,SKE,7,2462054.0,130000,36930.81,2628984.81,920144.68,657246.2,92014.47,52579.7,673020.11,50000,22500,10000,5106489.97
https://carfromjapan.com/cheap-used-toyota-hiace-van-2021-for-sale-68a8f81a3f13042e5db0c180,2700,2021,43000.0,TRH221K0097***,Automatic,8ナンバーキャンピング　ノニデル,-,16.5 m3,Petrol,White,Auction Grade,CFJ1572412,32825,4,-,5,Right,3BF-TRH221K,5,4250837.5,130000,63762.56,4444600.06,1555610.02,1333380.02,155561.0,88892.0,1173374.42,50000,22500,10000,8833917.52
https://carfromjapan.com/cheap-used-toyota-hiace-van-2020-for-sale-69d796cfb117fa633caf75cc,2000,2020,30000.0,TRH200-0322***,Automatic,ロングDX ウェルキャブ,-,16.5 m3,Petrol,White,Auction Grade,CFJ2623253,21823,4,-,-,-,3BF-TRH200K,6,2826078.5,130000,42391.18,2998469.68,1049464.39,749617.42,104946.44,59969.39,767608.24,50000,22500,10000,5812575.55
https://carfromjapan.com/cheap-used-toyota-land-cruiser-prado-2021-for-sale-6a0283e8d32bf975e0aed337,2700,2021,28500.0,TRJ1500130***,Automatic,-,4WD,17.13 m3,Petrol,Black,Auction Grade,CFJ2776115,26884,5,-,-,Right,3BA-TRJ150W,5,3481478.0,130000,52222.17,3663700.17,1282295.06,1099110.05,128229.51,73274.0,967216.84,50000,22500,10000,7296325.63
https://carfromjapan.com/cheap-used-toyota-rav4-2021-for-sale-6a02610ed32bf9a25393bb78,2500,2021,51400.0,AXAP540003***,Automatic,ブラックトーン,4WD,17 m3,Hybrid,Other,Auction Grade,CFJ2774796,26237,5,-,5,Right,AXAP54,5,3397691.5,130000,50965.37,3578656.87,1252529.91,1073597.06,125252.99,71573.14,944765.41,50000,22500,10000,7128875.38
https://carfromjapan.com/cheap-used-toyota-hiace-van-2021-for-sale-6a028c3c29365f252e5395a7,2700,2021,81000.0,TRH221-0098***,Automatic,ワイド DX スーパーロング HR,2WD,16.5 m3,Petrol,White,Auction Grade,CFJ2776195,25687,4,-,6,-,3BF-TRH221K,5,3326466.5,130000,49897.0,3506363.5,1227227.22,1051909.05,122722.72,70127.27,925679.96,50000,22500,10000,6986529.73
https://carfromjapan.com/cheap-used-subaru-forester-2020-for-sale-6a03b6d7a329fa9c9b757788,2000,2020,103500.0,SKE042***,Automatic,ｱﾄﾞﾊﾞﾝｽ,4WD,14.47 m3,Hybrid,Other,Auction Grade,CFJ2779333,11448,5,-,5,Other,SKE,6,1482516.0,130000,22237.74,1634753.74,572163.81,408688.43,57216.38,32695.07,418496.96,50000,22500,10000,3206514.4
https://carfromjapan.com/cheap-used-toyota-rav4-2020-for-sale-6a0487304c42ba77ac805269,2500,2020,45000.0,AXAH52-4003***,Automatic,X,2WD,17 m3,Hybrid,Black,Auction Grade,CFJ2780510,20739,5,-,5,-,6AA-AXAH52,6,2685700.5,130000,40285.51,2855986.01,999595.1,856795.8,99959.51,57119.72,753980.31,50000,22500,10000,5705936.45
https://carfromjapan.com/cheap-used-toyota-rav4-2021-for-sale-6a0655d7a329fa8d4feb2731,2000,2021,33400.0,MXAA524005***,Automatic,Ｘ,-,17 m3,Petrol,Other,Auction Grade,CFJ2787623,19561,5,-,5,Right,MXAA52,5,2533149.5,130000,37997.24,2701146.74,945401.36,675286.69,94540.14,54022.93,691493.57,50000,22500,10000,5244391.42
https://carfromjapan.com/cheap-used-subaru-forester-2025-for-sale-6921f848c5884d8bb1474359,2500,2025,5000.0,SLG-006***,Automatic,X-ブレイク S:HEV EX,4WD,17 m3,Hybrid,Black,Auction Grade,CFJ1990830,36438,5,-,5,-,5AA-SLG,1,4718721.0,130000,70780.82,4919501.82,1721825.64,1475850.54,172182.56,98390.04,1298748.48,50000,22500,10000,9768999.07
https://carfromjapan.com/cheap-used-toyota-land-cruiser-prado-2021-for-sale-69cefa7d78dc8c41bc7905ed,2800,2021,39000.0,GDJ1500060***,Automatic,TX,4WD,17 m3,Diesel,Other,Auction Grade,CFJ2590422,31027,5,-,5,Right,3DA-GDJ150W,5,4017996.5,130000,60269.95,4208266.45,1472893.26,1262479.93,147289.33,84165.33,1110982.34,50000,22500,10000,8368576.64
https://carfromjapan.com/cheap-used-subaru-forester-2019-for-sale-69f6e490968492faf358d3aa,2000,2019,21000.0,SKE-034***,Automatic,アドバンス,4WD,17 m3,Hybrid,Black,Auction Grade,CFJ2751598,19561,5,-,5,-,5AA-SKE,7,2533149.5,130000,37997.24,2701146.74,945401.36,675286.69,94540.14,54022.93,691493.57,50000,22500,10000,5244391.42
https://carfromjapan.com/cheap-used-subaru-forester-2021-for-sale-695ee6c9bc7b740b479f9e41,1800,2021,86400.0,SK5006***,Automatic,スポーツ,4WD,14.47 m3,Petrol,Pearl,Auction Grade,CFJ2180801,14512,5,-,5,Right,SK5,5,1879304.0,130000,28189.56,2037493.56,713122.75,509373.39,71312.27,40749.87,521598.35,50000,22500,10000,3976150.19
https://carfromjapan.com/cheap-used-toyota-rav4-2022-for-sale-69f927dd1374d01e66f0aba7,2500,2022,151600.0,AXAP540007***,Automatic,G_Z,4WD,14.38 m3,Hybrid,Other,Auction Grade,CFJ2756953,20818,5,-,5,Other,AXAP54,4,2695931.0,130000,40438.96,2866369.96,1003229.49,859910.99,100322.95,57327.4,756721.67,50000,22500,10000,5726382.46
https://carfromjapan.com/cheap-used-bmw-2-series-2022-for-sale-69b1f59cd4a1a4dd305066ca,2000,2022,34000.0,WBA22BY0X07L45***,Automatic,２１８ｄアクティブツアラー　エクスクルーシブ,-,11 m3,Diesel,White,Auction Grade,CFJ2470720,20347,5,-,5,Right,22BY20,4,2634936.5,130000,39524.05,2804460.55,981561.19,701115.14,98156.12,56089.21,717941.9,50000,22500,10000,5441824.11
https://carfromjapan.com/cheap-used-toyota-rav4-2019-for-sale-6a065ba164ce68812e1eea3b,2000,2019,50000.0,MXAA545004***,Automatic,G “Z package”,4WD,17 m3,Petrol,Other,Auction Grade,CFJ2788844,21368,5,-,5,Right,6BA-MXAA54,7,2767156.0,130000,41507.34,2938663.34,1028532.17,734665.83,102853.22,58773.27,752297.82,50000,22500,10000,5698285.64
https://carfromjapan.com/cheap-used-volkswagen-polo-2020-for-sale-69fb10f8c15b58c11882d11c,990,2020,43800.0,WVWZZZAWZLU063***,Automatic,TSI CONFORT LINE,2WD,10.3 m3,Petrol,Orange,Auction Grade,CFJ2760990,7500,5,-,5,Right,ABA-AWCHZ,6,971250.0,130000,14568.75,1115818.75,390536.56,223163.75,39053.66,22316.38,276723.05,50000,22500,10000,2150112.14
https://carfromjapan.com/cheap-used-toyota-rav4-2019-for-sale-69603ca5090a22ba6992a5e7,2500,2019,19000.0,AXAH544010***,Automatic,HYBRID G,4WD,17 m3,Hybrid,Other,Auction Grade,CFJ2187034,25844,5,-,5,Right,6AA-AXAH54,7,3346798.0,130000,50201.97,3526999.97,1234449.99,1058099.99,123445.0,70540.0,931127.99,50000,22500,10000,7027162.94
https://carfromjapan.com/cheap-used-toyota-rav4-2019-for-sale-6a069b7664ce68e171310756,2000,2019,40000.0,MXAA54-2012***,Automatic,アドベンチャー,4WD,17 m3,Petrol,Green,Auction Grade,CFJ2789682,21368,5,-,5,-,6BA-MXAA54,7,2767156.0,130000,41507.34,2938663.34,1028532.17,734665.83,102853.22,58773.27,752297.82,50000,22500,10000,5698285.64
https://carfromjapan.com/cheap-used-toyota-rav4-2019-for-sale-69f6842cb371b1793225806b,2000,2019,42500.0,MXAA545004***,Automatic,G_Zﾊﾟｯｹｰｼﾞ,4WD,14.38 m3,Petrol,Other,Auction Grade,CFJ2748182,19954,5,-,5,Other,MXAA54,7,2584043.0,130000,38760.64,2752803.65,963481.28,688200.91,96348.13,55056.07,704717.73,50000,22500,10000,5343107.77
https://carfromjapan.com/cheap-used-toyota-rav4-2019-for-sale-69f3e437968492f150d04e7c,2000,2019,36000.0,MXAA545004***,Automatic,Ｇ　Ｚパッケージ,4WD,17 m3,Petrol,Other,Auction Grade,CFJ2736971,20268,5,-,5,Right,MXAA54,7,2624706.0,130000,39370.59,2794076.59,977926.81,698519.15,97792.68,55881.53,715283.61,50000,22500,10000,5421980.36
https://carfromjapan.com/cheap-used-subaru-forester-2022-for-sale-6a07ac7f6c3bf8e90d7d2c69,1800,2022,9200.0,SK5020***,Automatic,スポーツ,4WD,17 m3,Petrol,Silver,Auction Grade,CFJ2795926,20339,5,-,5,Right,SK5,4,2633900.5,130000,39508.51,2803409.01,981193.15,700852.25,98119.32,56068.18,717672.71,50000,22500,10000,5439814.61
https://carfromjapan.com/cheap-used-volvo-xc60-2021-for-sale-6a08f74d032fc80d17797c96,2000,2021,58100.0,YV1UZL1MCM1826***,Automatic,Ｂ５　ＡＷＤ　インスクリプション,4WD,17 m3,Hybrid,Brown,Auction Grade,CFJ2797785,22821,5,-,5,Right,UB420TXCM,5,2955319.5,130000,44329.79,3129649.29,1095377.25,782412.32,109537.73,62592.99,801190.22,50000,22500,10000,6063259.8
https://carfromjapan.com/cheap-used-toyota-hiace-van-2019-for-sale-6a05047a4aa46807008b8f6d,2700,2019,51900.0,TRH2168010***,Automatic,ﾛﾝｸﾞｽｰﾊﾟｰGL,4WD,19.11 m3,Petrol,Other,Auction Grade,CFJ2783471,20818,5,-,-,Other,TRH216K,7,2695931.0,130000,40438.96,2866369.96,1003229.49,859910.99,100322.95,57327.4,756721.67,50000,22500,10000,5726382.46
https://carfromjapan.com/cheap-used-toyota-rav4-2019-for-sale-69891a9c8b74534610d3ed19,2000,2019,29200.0,MXAA542010***,Automatic,アドベンチャー,4WD,17 m3,Petrol,Other,Auction Grade,CFJ2323643,20268,5,-,5,Right,MXAA54,7,2624706.0,130000,39370.59,2794076.59,977926.81,698519.15,97792.68,55881.53,715283.61,50000,22500,10000,5421980.36
https://carfromjapan.com/cheap-used-nissan-x-trail-2021-for-sale-698e5da834c546991f7b713d,2000,2021,49000.0,HT32163***,Automatic,20Xi HYBRID,-,17 m3,Hybrid,Other,Auction Grade,CFJ2337383,14520,5,-,5,Right,5AA-HT32,5,1880340.0,130000,28205.1,2038545.1,713490.79,509636.28,71349.08,40770.9,521867.55,50000,22500,10000,3978159.69
https://carfromjapan.com/cheap-used-volvo-xc60-2020-for-sale-69bc85ab0d235c3e8e53dce6,2000,2020,72800.0,YV1UZL1MCL1558***,Automatic,Ｂ５　ＡＷＤ　インスクリプション,4WD,17 m3,Hybrid,Gray,Auction Grade,CFJ2516014,18933,5,-,5,Right,UB420TXCM,6,2451823.5,130000,36777.35,2618600.85,916510.3,654650.21,91651.03,52372.02,670361.82,50000,22500,10000,5086646.23
https://carfromjapan.com/cheap-used-toyota-alphard-2025-for-sale-695cfe07c15b58c118ab985b,2490,2025,6000.0,AGH40-4028***,Automatic,Z,2WD,17.82 m3,Petrol,White,Auction Grade,CFJ2176325,55000,5,-,7,Right,3BA- AGH40W,1,7122500.0,130000,106837.5,7359337.5,2575768.12,2207801.25,257576.81,147186.75,1942865.1,50000,22500,10000,14573035.54
https://carfromjapan.com/cheap-used-subaru-forester-2021-for-sale-692e297cef0b8719c7e1f7aa,2000,2021,79900.0,SKE050***,Automatic,アドバンス,4WD,18 m3,Hybrid,Silver,Auction Grade,CFJ2033278,10849,5,-,5,Right,SKE,5,1404945.5,130000,21074.18,1556019.68,544606.89,389004.92,54460.69,31120.39,398341.04,50000,22500,10000,3056053.61
https://carfromjapan.com/cheap-used-toyota-rav4-2021-for-sale-6a097c256c3bf8ac24dd3cd3,2500,2021,28000.0,4006***,Automatic,ハイブリッドX,-,17 m3,Petrol,Red,Auction Grade,CFJ2800258,16362,5,-,-,-,AXAH52,5,2118879.0,130000,31783.18,2280662.19,798231.76,684198.66,79823.18,45613.24,602094.82,50000,22500,10000,4573123.84
https://carfromjapan.com/cheap-used-subaru-forester-2025-for-sale-69e2bbcd5d307c147e34cbd1,2500,2025,1900.0,SLG005***,Automatic,プレミアムＳ：ＨＥＶ　ＥＸ,4WD,17 m3,Hybrid,Other,Auction Grade,CFJ2671158,39187,5,-,5,Right,SLG,1,5074716.5,130000,76120.75,5280837.25,1848293.04,1584251.17,184829.3,105616.74,1394141.03,50000,22500,10000,10480468.54
https://carfromjapan.com/cheap-used-toyota-rav4-2019-for-sale-69a2223bed81a30543006eb9,2000,2019,57300.0,MXAA545004***,Automatic,Ｇ,4WD,17 m3,Petrol,Other,Auction Grade,CFJ2411179,18305,5,-,5,Right,MXAA54,7,2370497.5,130000,35557.46,2536054.96,887619.24,634013.74,88761.92,50721.1,649230.07,50000,22500,10000,4928901.03
https://carfromjapan.com/cheap-used-toyota-rav4-2019-for-sale-6a08a9ff6c3bf854a3a9e57a,2500,2019,60000.0,AXAH54-4010***,Automatic,G,4WD,17 m3,Hybrid,Pearl,Auction Grade,CFJ2797349,22546,5,-,5,-,6AA-AXAH54,7,2919707.0,130000,43795.6,3093502.6,1082725.91,928050.78,108272.59,61870.05,816684.69,50000,22500,10000,6173606.63
https://carfromjapan.com/cheap-used-daihatsu-hijet-truck-2019-for-sale-69d0497e304e3d44361eaad9,660,2019,17700.0,S510P0289***,Manual,エクストラＳＡⅢｔ,4WD,8.91 m3,Petrol,Pink,Auction Grade,CFJ2596543,6534,2,-,2,Right,3BD-S510P,7,846153.0,130000,12692.3,988845.3,346095.85,197769.06,34609.59,19776.91,245233.63,50000,22500,10000,1914830.33
https://carfromjapan.com/cheap-used-toyota-rav4-2021-for-sale-6993274b3a4a6f576877d2ff,2000,2021,9300.0,MXAA524006***,Automatic,-,2WD,14.3 m3,Petrol,Pearl,Auction Grade,CFJ2355866,18044,5,-,5,Right,6BA-MXAA52,5,2336698.0,130000,35050.47,2501748.47,875611.96,625437.12,87561.2,50034.97,640447.61,50000,22500,10000,4863341.33
https://carfromjapan.com/cheap-used-toyota-rav4-2019-for-sale-69dc2999a6e26666013a5c3c,2500,2019,78200.0,AXAH544009***,Automatic,4WD  ハイブリッドG,4WD,17 m3,Petrol,Pearl,Auction Grade,CFJ2646584,20425,5,-,5,Right,6AA-AXAH54,7,2645037.5,130000,39675.56,2814713.06,985149.57,844413.92,98514.96,56294.26,743084.25,50000,22500,10000,5624670.02
https://carfromjapan.com/cheap-used-volvo-xc60-2024-for-sale-6938b42aded52f7156211fb4,1960,2024,7000.0,LYVUZL1M6RB850***,Automatic,アルティメット Ｂ５ ＡＷＤ,4WD,14.86 m3,Petrol,Silver,Auction Grade,CFJ2074848,35268,5,-,5,Right,5AA-UB420TXCM2A,2,4567206.0,130000,68508.09,4765714.09,1667999.93,1191428.52,166799.99,95314.28,1220022.81,50000,22500,10000,9189779.63
https://carfromjapan.com/cheap-used-subaru-forester-2019-for-sale-69f533b1b371b1248fe54972,2000,2019,49800.0,SKE030***,Automatic,アドバンス,4WD,17 m3,Hybrid,Other,Auction Grade,CFJ2745231,17755,5,-,5,Right,SKE,7,2299272.5,130000,34489.09,2463761.59,862316.56,615940.4,86231.66,49275.23,630722.97,50000,22500,10000,4790748.39
https://carfromjapan.com/cheap-used-honda-acty-truck-2020-for-sale-69d5f888c15b58c1181f2c5d,656,2020,116000.0,HA9-1503***,Manual,SDX 4WD,4WD,8.67 m3,Petrol,White,Auction Grade,CFJ2618613,3700,2,-,2,Right,EBD-HA9,6,479150.0,130000,7187.25,616337.25,215718.04,123267.45,21571.8,12326.75,152851.64,50000,22500,10000,1224572.92
https://carfromjapan.com/cheap-used-nissan-x-trail-2021-for-sale-698ddee0629dce04268d9654,2000,2021,48000.0,HT32-163***,Automatic,20Xi,2WD,17 m3,Hybrid,Black,Auction Grade,CFJ2335881,14520,5,-,5,-,5AA-HT32,5,1880340.0,130000,28205.1,2038545.1,713490.79,509636.28,71349.08,40770.9,521867.55,50000,22500,10000,3978159.69
https://carfromjapan.com/cheap-used-toyota-rav4-2021-for-sale-6a077dc5032fc82852361172,2000,2021,44000.0,5004***,Automatic,X,-,17 m3,Petrol,Red,Auction Grade,CFJ2792707,17166,5,-,-,-,MXAA52,5,2222997.0,130000,33344.96,2386341.96,835219.68,596585.49,83521.97,47726.84,610903.54,50000,22500,10000,4642799.48
https://carfromjapan.com/cheap-used-toyota-hilux-2022-for-sale-6a0283ea29365f7922528c91,2400,2022,79900.0,GUN1253935***,Automatic,-,4WD,18.6 m3,Diesel,Black,Auction Grade,CFJ2776116,26299,4,-,-,Right,3DF-GUN125,4,3405720.5,130000,51085.81,3586806.31,1255382.21,1076041.89,125538.22,71736.13,946916.87,50000,22500,10000,7144921.62
https://carfromjapan.com/cheap-used-toyota-rav4-2020-for-sale-68dc8b6f1171d35f18b3c5f1,2500,2020,29000.0,AXAP54-0001***,Automatic,ブラックトーン,4WD,14.38 m3,Hybrid,Red,Auction Grade,CFJ1747599,24666,5,-,5,-,6LA-AXAP54,6,3194247.0,130000,47913.71,3372160.71,1180256.25,1011648.21,118025.62,67443.21,890250.43,50000,22500,10000,6722284.43
https://carfromjapan.com/cheap-used-toyota-rav4-2019-for-sale-66a6cd7c19cd4123e54a11b0,2000,2019,16600.0,4009***,Automatic,Ｇ Ｚパッケージ★トヨタセーフティセンス付！,4WD,14.38 m3,Petrol,Pearl,Auction Grade,CFJ0052523,25868,5,-,5,Right,6BA-MXAA54,7,3349906.0,130000,50248.59,3530154.59,1235554.11,882538.65,123555.41,70603.09,903719.58,50000,22500,10000,6828625.42
https://carfromjapan.com/cheap-used-bmw-2-series-2022-for-sale-69c5be0bec8c2c0d5f05d9b5,2000,2022,20000.0,WBA12CM0108C40***,Automatic,220i ｸｰﾍﾟ M Sport,-,12 m3,Petrol,Other,Auction Grade,CFJ2550251,27179,2,-,-,Right,3BA-12CM20,4,3519680.5,130000,52795.21,3702475.71,1295866.5,925618.93,129586.65,74049.51,947833.78,50000,22500,10000,7157931.08
https://carfromjapan.com/cheap-used-land-rover-range-rover-velar-2024-for-sale-6a050414a329fa1337ab2b73,2000,2024,10000.0,SALYA2AY3SA399***,Automatic,ダイナミック　ＨＳＥ　Ｐ４００ｅ,4WD,17 m3,Other,Other,Auction Grade,CFJ2783275,46693,5,-,5,Right,LY2YD,2,6046743.5,130000,90701.15,6267444.65,2193605.63,1566861.16,219360.56,125348.89,1604465.83,50000,22500,10000,12059586.73
https://carfromjapan.com/cheap-used-volvo-xc60-2019-for-sale-69d19ae6fed37d42a6800861,2000,2019,45300.0,YV1UZA8MCL1436***,Automatic,Ｄ４　ＡＷＤ　インスクリプション,4WD,17 m3,Diesel,Other,Auction Grade,CFJ2601007,23881,5,-,5,Right,UD4204TXC,7,3092589.5,130000,46388.84,3268978.34,1144142.42,817244.59,114414.24,65379.57,836858.46,50000,22500,10000,6329517.61
https://carfromjapan.com/cheap-used-toyota-land-cruiser-prado-2019-for-sale-6a053831a329faa0dfc7b866,2690,2019,43816.0,TRJ150-0107***,Automatic,TX-L PKG,4WD,17.22 m3,Petrol,Black,Auction Grade,CFJ2785149,33323,6,-,7,Right,CBA-TRJ150W,7,4315328.5,130000,64729.93,4510058.43,1578520.45,1353017.53,157852.04,90201.17,1190655.42,50000,22500,10000,8962805.04
https://carfromjapan.com/cheap-used-subaru-forester-2019-for-sale-69fd591179c5383d4aad21e2,2000,2019,38000.0,SKE-030***,Automatic,アドバンス,4WD,17 m3,Hybrid,Gray,Auction Grade,CFJ2764781,19169,5,-,5,-,5AA-SKE,7,2482385.5,130000,37235.78,2649621.28,927367.45,662405.32,92736.74,52992.43,678303.05,50000,22500,10000,5145926.27
https://carfromjapan.com/cheap-used-toyota-rav4-2022-for-sale-69e16b515d307cbf0ef340aa,2500,2022,39000.0,AXAP540006***,Automatic,Ｇ　Ｚ,4WD,17 m3,Hybrid,Other,Auction Grade,CFJ2664495,26001,5,-,5,Right,AXAP54,4,3367129.5,130000,50506.94,3547636.44,1241672.75,1064290.93,124167.28,70952.73,936576.02,50000,22500,10000,7067796.16
https://carfromjapan.com/cheap-used-toyota-rav4-2019-for-sale-69c85db4c5d5d56058cf618f,2000,2019,31300.0,MXAA542011***,Automatic,アドベンチャー,4WD,17 m3,Petrol,Other,Auction Grade,CFJ2561359,20739,5,-,5,Right,MXAA54,7,2685700.5,130000,40285.51,2855986.01,999595.1,713996.5,99959.51,57119.72,731132.42,50000,22500,10000,5540289.26
https://carfromjapan.com/cheap-used-toyota-rav4-2020-for-sale-6a05005fa329fae6d6a64748,2500,2020,84000.0,4004***,Automatic,ハイブリッドX,-,17 m3,Petrol,Gray,Auction Grade,CFJ2782959,15671,5,-,-,-,AXAH52,6,2029394.5,130000,30440.92,2189835.42,766442.4,656950.63,76644.24,43796.71,578116.55,50000,22500,10000,4394285.94
https://carfromjapan.com/cheap-used-toyota-rav4-2021-for-sale-6a07a7fb032fc8e02e3e2e96,2500,2021,146600.0,AXAH544031***,Automatic,Hybrid G,4WD,14.3 m3,Hybrid,Other,Auction Grade,CFJ2794926,18423,5,-,5,Other,AXAH54,5,2385778.5,130000,35786.68,2551565.18,893047.81,765469.55,89304.78,51031.3,673613.21,50000,22500,10000,5106531.83
https://carfromjapan.com/cheap-used-toyota-rav4-2021-for-sale-69bfa1110d235c254ef420bf,2500,2021,37000.0,4005***,Automatic,ハイブリッドX,-,17 m3,Petrol,Pearl,Auction Grade,CFJ2529383,21839,5,-,-,-,AXAH52,5,2828150.5,130000,42422.26,3000572.76,1050200.47,900171.83,105020.05,60011.46,792151.21,50000,22500,10000,5990627.76
https://carfromjapan.com/cheap-used-toyota-rav4-2019-for-sale-69e16d3eba10e73d03f76f52,2000,2019,38800.0,MXAA545004***,Automatic,Ｇ　Ｚパッケージ,4WD,17 m3,Petrol,Other,Auction Grade,CFJ2665221,19954,5,-,5,Right,MXAA54,7,2584043.0,130000,38760.64,2752803.65,963481.28,688200.91,96348.13,55056.07,704717.73,50000,22500,10000,5343107.77
https://carfromjapan.com/cheap-used-toyota-rav4-2019-for-sale-69d9838f65b5dc25b6497a33,2000,2019,56700.0,MXAA542012***,Automatic,Ｇ,4WD,17 m3,Petrol,Other,Auction Grade,CFJ2634211,18698,5,-,5,Right,MXAA54,7,2421391.0,130000,36320.86,2587711.87,905699.15,646927.97,90569.92,51754.24,662454.24,50000,22500,10000,5027617.37
https://carfromjapan.com/cheap-used-toyota-rav4-2019-for-sale-6a02661629365f0e86430eed,2500,2019,62400.0,AXAH542005***,Automatic,4WD  ハイブリッドG,4WD,17 m3,Petrol,Black,Auction Grade,CFJ2775837,23983,5,-,5,Right,6AA-AXAH54,7,3105798.5,130000,46586.98,3282385.48,1148834.92,984715.64,114883.49,65647.71,866549.77,50000,22500,10000,6545517.01
https://carfromjapan.com/cheap-used-toyota-rav4-2019-for-sale-69fe7170adabac07b3358f01,2000,2019,45800.0,MXAA544010***,Automatic,4WD_G_Zパッケージ,4WD,17 m3,Petrol,Pearl,Auction Grade,CFJ2768353,22585,5,-,5,Right,6BA-MXAA54,7,2924757.5,130000,43871.36,3098628.86,1084520.1,774657.22,108452.01,61972.58,793248.99,50000,22500,10000,6003979.76
https://carfromjapan.com/cheap-used-toyota-rav4-2019-for-sale-6a05045ca329fad9bfac01e1,2000,2019,69400.0,MXAA542011***,Automatic,Ｇ　Ｚパッケージ,4WD,17 m3,Petrol,Other,Auction Grade,CFJ2783385,20582,5,-,5,Right,MXAA54,7,2665369.0,130000,39980.53,2835349.54,992372.34,708837.38,99237.23,56706.99,725849.48,50000,22500,10000,5500852.96
https://carfromjapan.com/cheap-used-toyota-rav4-2019-for-sale-6a049512a329fa013a9b136d,2000,2019,45000.0,MXAA54-2011***,Automatic,アドベンチャー,4WD,17 m3,Petrol,Green,Auction Grade,CFJ2780777,22153,5,-,5,-,6BA-MXAA54,7,2868813.5,130000,43032.2,3041845.7,1064646.0,760461.43,106464.6,60836.91,778712.5,50000,22500,10000,5895467.14
https://carfromjapan.com/cheap-used-toyota-rav4-2019-for-sale-69fe6e5f96adc385a8cb472f,2500,2019,74500.0,AXAH544010***,Automatic,4WDハイブリッドG,4WD,17 m3,Hybrid,Pearl,Auction Grade,CFJ2767915,21792,5,-,5,Right,6AA-AXAH54,7,2822064.0,130000,42330.96,2994394.96,1048038.24,898318.49,104803.82,59887.9,790520.27,50000,22500,10000,5978463.68
https://carfromjapan.com/cheap-used-land-rover-range-rover-velar-2024-for-sale-6992531f34c546185a4299cd,2000,2024,14400.0,SALYA2AY8RA373***,Automatic,ダイナミック　ＨＳＥ　Ｐ４００ｅ,4WD,17 m3,Other,Other,Auction Grade,CFJ2352867,44082,5,-,5,Right,LY2YD,2,5708619.0,130000,85629.29,5924248.29,2073486.9,1481062.07,207348.69,118484.97,1516607.56,50000,22500,10000,11403738.47
https://carfromjapan.com/cheap-used-nissan-x-trail-2021-for-sale-6a08fd356c3bf86619c191b7,2000,2021,50300.0,T32556***,Automatic,2.0 Xi　 純10型ﾅﾋﾞ,-,14.85 m3,Petrol,Other,Auction Grade,CFJ2798418,12915,5,-,5,Right,5BA-T32,5,1672492.5,130000,25087.39,1827579.89,639652.96,456894.97,63965.3,36551.6,467860.45,50000,22500,10000,3575005.17
https://carfromjapan.com/cheap-used-bmw-2-series-2022-for-sale-69d982b738df9bb6a1b06665,2000,2022,34000.0,WBA22BY0107L50***,Automatic,２１８ｄアクティブツアラー　エクスクルーシブ,-,11 m3,Diesel,White,Auction Grade,CFJ2633861,21124,5,-,5,Right,22BY20,4,2735558.0,130000,41033.37,2906591.37,1017306.98,726647.84,101730.7,58131.83,744087.39,50000,22500,10000,5636996.11
https://carfromjapan.com/cheap-used-subaru-forester-2021-for-sale-6a07932a032fc87b8b37a86f,1800,2021,57000.0,SK5-009***,Automatic,スポーツ,4WD,13.25 m3,Petrol,Black,Auction Grade,CFJ2793725,17206,5,-,5,-,4BA-SK5,5,2228177.0,130000,33422.65,2391599.65,837059.88,597899.91,83705.99,47831.99,612249.51,50000,22500,10000,4652846.94
https://carfromjapan.com/cheap-used-toyota-hiace-van-2021-for-sale-698de30b629dce2f518e0b3b,2700,2021,16000.0,TRH216-8013***,Automatic,ワイドS-GLダークプライム2ロングMR,4WD,16.5 m3,Petrol,Purple,Auction Grade,CFJ2336072,28357,5,-,5,-,3BF-TRH216K,5,3672231.5,130000,55083.47,3857314.97,1350060.24,1157194.49,135006.02,77146.3,1018331.15,50000,22500,10000,7677553.18
https://carfromjapan.com/cheap-used-nissan-x-trail-2022-for-sale-696cf28caf791e45206e1967,1500,2022,19000.0,SNT33-006***,Automatic,★1.5 S e-4ORCE,4WD,14.75 m3,Hybrid,Silver,Auction Grade,CFJ2227238,19719,5,-,5,-,6AA-SNT33,4,2553610.5,130000,38304.16,2721914.66,952670.13,680478.66,95267.01,54438.29,696810.15,50000,22500,10000,5284078.91
https://carfromjapan.com/cheap-used-toyota-rav4-2019-for-sale-69b54958ddf03316bdbc6084,2500,2019,33000.0,AXAH54-4012***,Automatic,G,4WD,17 m3,Hybrid,Pearl,Auction Grade,CFJ2485820,22310,5,-,5,-,6AA-AXAH54,7,2889145.0,130000,43337.17,3062482.17,1071868.76,918744.65,107186.88,61249.64,808495.29,50000,22500,10000,6112527.4
https://carfromjapan.com/cheap-used-toyota-rav4-2019-for-sale-6a06ce086c3bf8e82153cef5,2000,2019,41000.0,MXAA54-2010***,Automatic,アドベンチャー4WD,-,17 m3,Petrol,Black,Auction Grade,CFJ2790397,22852,5,-,5,-,6BA-MXAA54,7,2959334.0,130000,44390.01,3133724.01,1096803.4,783431.0,109680.34,62674.48,802233.35,50000,22500,10000,6071046.58
https://carfromjapan.com/cheap-used-toyota-rav4-2019-for-sale-695e36299787de048a96a255,2500,2019,19000.0,AXAH54-4010***,Automatic,ハイブリッド G E-Four,4WD,17 m3,Hybrid,Gray,Auction Grade,CFJ2179819,25844,5,-,5,-,6AA-AXAH54,7,3346798.0,130000,50201.97,3526999.97,1234449.99,1058099.99,123445.0,70540.0,931127.99,50000,22500,10000,7027162.94
https://carfromjapan.com/cheap-used-toyota-rav4-2026-for-sale-69ee9b656159e55bb30e8778,2500,2026,100.0,AXAN643004***,Automatic,アドベンチャー,4WD,17 m3,Hybrid,Other,Auction Grade,CFJ2719279,40372,5,-,5,Right,AXAN64,0,5228174.0,130000,78422.61,5436596.61,1902808.81,1630978.98,190280.88,108731.93,1435261.51,50000,22500,10000,10787158.73
https://carfromjapan.com/cheap-used-toyota-vellfire-2025-for-sale-696ce0f3c15b58c1182fc423,2390,2025,3000.0,TAHA40-0014***,Automatic,Z PREMIER,2WD,18.04 m3,Petrol,White,Auction Grade,CFJ2226971,59000,5,-,7,Right,5BA-TAHA40W,1,7640500.0,130000,114607.5,7885107.5,2759787.62,2365532.25,275978.76,157702.15,2081668.38,50000,22500,10000,15608276.67
https://carfromjapan.com/cheap-used-toyota-rav4-2019-for-sale-67ca2af20b551722bd9c0071,2000,2019,36000.0,MXAA542012***,Automatic,Ｇ　Ｚパッケージ,4WD,17 m3,Petrol,Other,Auction Grade,CFJ0839257,21132,5,-,5,Right,MXAA54,7,2736594.0,130000,41048.91,2907642.91,1017675.02,726910.73,101767.5,58152.86,744356.58,50000,22500,10000,5639005.6
https://carfromjapan.com/cheap-used-toyota-rav4-2019-for-sale-69dad28014952d73010e2e8e,2500,2019,62500.0,AXAH544010***,Automatic,ハイブリッドＧ,4WD,17 m3,Hybrid,Other,Auction Grade,CFJ2638214,21525,5,-,5,Right,AXAH54,7,2787487.5,130000,41812.31,2959299.81,1035754.93,887789.94,103575.49,59186.0,781255.15,50000,22500,10000,5909361.33
https://carfromjapan.com/cheap-used-toyota-rav4-2022-for-sale-69eaa7b5ac4038605946e863,2500,2022,28500.0,AXAP540006***,Automatic,Ｇ　Ｚ,4WD,17 m3,Hybrid,Other,Auction Grade,CFJ2702288,27729,5,-,5,Right,AXAP54,4,3590905.5,130000,53863.58,3774769.08,1321169.18,1132430.72,132116.92,75495.38,996539.04,50000,22500,10000,7515020.32
https://carfromjapan.com/cheap-used-toyota-rav4-2021-for-sale-69a7b0e8113d6c4f5c666469,2500,2021,19000.0,AXAP54-0005***,Automatic,G Z,4WD,17 m3,Hybrid,Pearl,Auction Grade,CFJ2431991,25451,5,-,5,-,6LA-AXAP54,5,3295904.5,130000,49438.57,3475343.07,1216370.07,1042602.92,121637.01,69506.86,917490.57,50000,22500,10000,6925450.5
https://carfromjapan.com/cheap-used-toyota-rav4-2019-for-sale-69f536f9b371b1d6f9eeddcc,2000,2019,51300.0,MXAA544008***,Automatic,Ｇ　Ｚパッケージ,4WD,17 m3,Petrol,Other,Auction Grade,CFJ2746310,20347,5,-,5,Right,MXAA54,7,2634936.5,130000,39524.05,2804460.55,981561.19,701115.14,98156.12,56089.21,717941.9,50000,22500,10000,5441824.11
https://carfromjapan.com/cheap-used-toyota-harrier-2022-for-sale-6a03b2f6a329fad4786b456e,2000,2022,57300.0,MXUA850010***,Automatic,Gﾚｻﾞｰﾊﾟｯｹｰｼﾞ,4WD,14.56 m3,Petrol,Other,Auction Grade,CFJ2778764,20347,5,-,5,Other,MXUA85,4,2634936.5,130000,39524.05,2804460.55,981561.19,701115.14,98156.12,56089.21,717941.9,50000,22500,10000,5441824.11
https://carfromjapan.com/cheap-used-toyota-rav4-2019-for-sale-69d9821838df9b751fae05ff,2500,2019,50000.0,AXAH542005***,Automatic,ハイブリッドＧ,4WD,17 m3,Hybrid,Other,Auction Grade,CFJ2633588,23017,5,-,5,Right,AXAH54,7,2980701.5,130000,44710.52,3155412.02,1104394.21,946623.61,110439.42,63108.24,833028.77,50000,22500,10000,6295506.27
https://carfromjapan.com/cheap-used-toyota-rav4-2021-for-sale-69feeb7996adc35485ee9da6,2500,2021,12000.0,AXAP54-0002***,Automatic,ブラックトーン,4WD,17 m3,Hybrid,Black,Auction Grade,CFJ2769576,29849,5,-,5,-,6LA-AXAP54,5,3865445.5,130000,57981.68,4053427.18,1418699.51,1216028.15,141869.95,81068.54,1070104.78,50000,22500,10000,8063698.12
https://carfromjapan.com/cheap-used-bmw-2-series-2021-for-sale-69d2ebb1304e3dc4fb9b8045,1500,2021,14000.0,WBA12AK0607H61***,Automatic,２１８ｉグランクーペ　プレイ,-,15 m3,Petrol,Black,Auction Grade,CFJ2606729,14512,4,-,5,Right,7K15,5,1879304.0,130000,28189.56,2037493.56,713122.75,509373.39,71312.27,40749.87,521598.35,50000,22500,10000,3976150.19
https://carfromjapan.com/cheap-used-land-rover-range-rover-velar-2025-for-sale-6a07a725032fc848873c7d31,2000,2025,2200.0,SALYA2AY1SA399***,Automatic,ダイナミック　ＳＥ　Ｐ４００ｅ,4WD,17 m3,Other,Other,Auction Grade,CFJ2794602,54449,5,-,5,Right,LY2YD,1,7051145.5,130000,105767.18,7286912.68,2550419.44,1821728.17,255041.94,145738.25,1865449.65,50000,22500,10000,14007790.14
https://carfromjapan.com/cheap-used-toyota-hiace-van-2019-for-sale-6a024828d32bf9211e8dda31,2693,2019,45000.0,TRH211-8009***,Automatic,スーパGL,2WD,19.11 m3,Petrol,Black,Auction Grade,CFJ2774478,21619,5,-,5,-,CBF-TRH211K,7,2799660.5,130000,41994.91,2971655.41,1040079.39,891496.62,104007.94,59433.11,784517.03,50000,22500,10000,5933689.5
https://carfromjapan.com/cheap-used-toyota-rav4-2019-for-sale-69eaa82cd724f4083b8c95b7,2000,2019,66200.0,MXAA544013***,Automatic,Ｇ,4WD,17 m3,Petrol,Other,Auction Grade,CFJ2702560,18619,5,-,5,Right,MXAA54,7,2411160.5,130000,36167.41,2577327.91,902064.77,644331.98,90206.48,51546.56,659795.94,50000,22500,10000,5007773.63
https://carfromjapan.com/cheap-used-nissan-x-trail-2021-for-sale-6a08af9a6c3bf8c0adaa2979,2000,2021,50000.0,T32-556***,Automatic,2.0 Xi  純10型ナビ,2WD,14.85 m3,Petrol,Black,Auction Grade,CFJ2797651,12915,5,-,5,-,5BA-T32,5,1672492.5,130000,25087.39,1827579.89,639652.96,456894.97,63965.3,36551.6,467860.45,50000,22500,10000,3575005.17
https://carfromjapan.com/cheap-used-toyota-rav4-2019-for-sale-69dad52065b5dcff1883a8cd,2000,2019,42500.0,MXAA542016***,Automatic,アドベンチャー,4WD,17 m3,Petrol,Other,Auction Grade,CFJ2638977,20347,5,-,5,Right,MXAA54,7,2634936.5,130000,39524.05,2804460.55,981561.19,701115.14,98156.12,56089.21,717941.9,50000,22500,10000,5441824.11
https://carfromjapan.com/cheap-used-toyota-rav4-2021-for-sale-69e954933f68797c50da70f5,2000,2021,41600.0,MXAA524006***,Automatic,Ｘ,-,17 m3,Petrol,Other,Auction Grade,CFJ2696307,18541,5,-,5,Right,MXAA52,5,2401059.5,130000,36015.89,2567075.39,898476.39,641768.85,89847.64,51341.51,657171.3,50000,22500,10000,4988181.08
https://carfromjapan.com/cheap-used-land-rover-range-rover-velar-2024-for-sale-68895a2663811c6d9191397f,2000,2024,1100.0,SALYA2AY4RA372***,Automatic,ダイナミック　ＨＳＥ　Ｐ４００ｅ,4WD,17 m3,Other,Other,Auction Grade,CFJ1488620,44299,5,-,5,Right,LY2YD,2,5736720.5,130000,86050.81,5952771.31,2083469.96,1488192.83,208347.0,119055.43,1523909.45,50000,22500,10000,11458245.97
https://carfromjapan.com/cheap-used-subaru-forester-2020-for-sale-6a02615fd32bf9dc7394ad01,2500,2020,30000.0,SK9038***,Automatic,X-ﾌﾞﾚｲｸ,4WD,14.47 m3,Petrol,Other,Auction Grade,CFJ2774909,17991,5,-,5,Other,SK9,6,2329834.5,130000,34947.52,2494782.02,873173.71,748434.61,87317.37,49895.64,658622.45,50000,22500,10000,4994725.79
https://carfromjapan.com/cheap-used-nissan-note-2019-for-sale-6a024fb2d32bf9f4da8e3ba8,1200,2019,33000.0,SNE12-007***,Automatic,e-POWER オーテック FOUR,4WD,10.53 m3,Hybrid,Blue,Auction Grade,CFJ2774508,8991,5,-,5,-,DAA-SNE12,7,1164334.5,130000,17465.02,1311799.52,459129.83,327949.88,45912.98,26235.99,335820.68,50000,22500,10000,2589348.88
https://carfromjapan.com/cheap-used-toyota-rav4-2021-for-sale-6a06bf316c3bf829d652a455,2500,2021,78000.0,AXAP54-0003***,Automatic,GZ4WD,-,17 m3,Hybrid,Pearl,Auction Grade,CFJ2790141,24038,5,-,5,-,6LA-AXAP54,5,3112921.0,130000,46693.81,3289614.81,1151365.19,986884.44,115136.52,65792.3,868458.31,50000,22500,10000,6559751.57
https://carfromjapan.com/cheap-used-toyota-rav4-2019-for-sale-6a04957f4c42ba28c681aebd,2000,2019,53000.0,MXAA54-2011***,Automatic,アドベンチャー,4WD,17 m3,Petrol,Green,Auction Grade,CFJ2780794,21289,5,-,5,-,6BA-MXAA54,7,2756925.5,130000,41353.88,2928279.38,1024897.78,732069.85,102489.78,58565.59,749639.52,50000,22500,10000,5678441.9
https://carfromjapan.com/cheap-used-toyota-rav4-2019-for-sale-69c85edcc5d5d53ac7d32089,2000,2019,41100.0,MXAA544010***,Automatic,Ｇ　Ｚパッケージ,4WD,17 m3,Petrol,Other,Auction Grade,CFJ2561605,20739,5,-,5,Right,MXAA54,7,2685700.5,130000,40285.51,2855986.01,999595.1,713996.5,99959.51,57119.72,731132.42,50000,22500,10000,5540289.26
https://carfromjapan.com/cheap-used-mazda-familia-van-2019-for-sale-677f26c961b0caee84ec51b3,1500,2019,67000.0,NCP1607001***,Automatic,-,-,10.89 m3,Petrol,White,Auction Grade,CFJ0623699,5648,5,-,5,Other,DBE-NCP160M,7,731416.0,130000,10971.24,872387.24,305335.53,218096.81,30533.55,17447.74,223331.13,50000,22500,10000,1749632.02
https://carfromjapan.com/cheap-used-subaru-forester-2021-for-sale-69fe6df4adabac2ef22a8c9a,1800,2021,18700.0,SK5007***,Automatic,スポーツ,4WD,17 m3,Petrol,Silver,Auction Grade,CFJ2767819,18376,5,-,5,Right,SK5,5,2379692.0,130000,35695.38,2545387.38,890885.58,636346.84,89088.56,50907.75,651619.17,50000,22500,10000,4946735.28
https://carfromjapan.com/cheap-used-bmw-2-series-2022-for-sale-67de00fca5a78f23cd4ccc69,3000,2022,7000.0,08C40***,Automatic,M240i xDriveクーペ,-,12 m3,Petrol,Other,Auction Grade,CFJ0927103,45311,2,-,-,-,52CM30,4,5867774.5,130000,88016.62,6085791.12,2130026.89,1825737.34,213002.69,121715.82,1606648.86,50000,22500,10000,12065422.71
https://carfromjapan.com/cheap-used-toyota-rav4-2020-for-sale-69c70cfea554522d6523e4cb,2000,2020,30800.0,MXAA525003***,Automatic,Ｘ,-,17 m3,Petrol,Other,Auction Grade,CFJ2557548,18855,5,-,5,Right,MXAA52,6,2441722.5,130000,36625.84,2608348.34,912921.92,652087.08,91292.19,52166.97,667737.17,50000,22500,10000,5067053.67
https://carfromjapan.com/cheap-used-toyota-land-cruiser-prado-2021-for-sale-6a07a9c56c3bf80a477576b7,2800,2021,62900.0,GDJ1510010***,Automatic,ＴＺ－Ｇ,4WD,17 m3,Diesel,Black,Auction Grade,CFJ2795357,46732,5,-,7,Right,GDJ151W,5,6051794.0,130000,90776.91,6272570.91,2195399.82,1881771.27,219539.98,125451.42,1655958.72,50000,22500,10000,12433192.12
https://carfromjapan.com/cheap-used-bmw-2-series-2023-for-sale-69f0ec38f86f5a152d9845df,2000,2023,4000.0,WBA12CM0908D20***,Automatic,220i Mスポーツ,2WD,12 m3,Petrol,Blue,Auction Grade,CFJ2725242,26378,2,-,4,-,3BA-12CM20,3,3415951.0,130000,51239.26,3597190.27,1259016.59,899297.57,125901.66,71943.81,920880.71,50000,22500,10000,6956730.6
https://carfromjapan.com/cheap-used-toyota-rav4-2019-for-sale-69224304c5884dfbd1518de5,2000,2019,61100.0,MXAA544011***,Automatic,Ｇ　Ｚパッケージ,4WD,17 m3,Petrol,Other,Auction Grade,CFJ1992475,18855,5,-,5,Right,MXAA54,7,2441722.5,130000,36625.84,2608348.34,912921.92,652087.08,91292.19,52166.97,667737.17,50000,22500,10000,5067053.67
https://carfromjapan.com/cheap-used-toyota-harrier-2020-for-sale-69e4200fbacb6617b8ecb0f4,2500,2020,58000.0,AXUH80-0004***,Automatic,S,2WD,17 m3,Hybrid,Pearl,Auction Grade,CFJ2676327,18619,5,-,5,-,6AA-AXUH80,6,2411160.5,130000,36167.41,2577327.91,902064.77,773198.37,90206.48,51546.56,680414.57,50000,22500,10000,5157258.65
https://carfromjapan.com/cheap-used-toyota-land-cruiser-prado-2021-for-sale-69c299c7785b9f8b4f4d29c4,2754,2021,62900.0,GDJ1510010***,Automatic,-,4WD,16.55 m3,Diesel,Black,Auction Grade,CFJ2537544,38000,5,-,7,Right,3DA-GDJ151W,5,4921000.0,130000,73815.0,5124815.0,1793685.25,1537444.5,179368.53,102496.3,1352951.16,50000,22500,10000,10173260.73
https://carfromjapan.com/cheap-used-toyota-rav4-2021-for-sale-69d694f8fed37d5523742001,2500,2021,45000.0,AXAH52-4006***,Automatic,X,2WD,17 m3,Hybrid,Pearl,Auction Grade,CFJ2619582,20347,5,-,5,-,6AA-AXAH52,5,2634936.5,130000,39524.05,2804460.55,981561.19,841338.16,98156.12,56089.21,740377.58,50000,22500,10000,5604482.82
https://carfromjapan.com/cheap-used-toyota-rav4-2022-for-sale-69c1cb0cfbd7ada2a4c2b56b,2000,2022,34400.0,MXAA525005***,Automatic,Ｘ,-,17 m3,Petrol,Other,Auction Grade,CFJ2536243,18933,5,-,5,Right,MXAA52,4,2451823.5,130000,36777.35,2618600.85,916510.3,654650.21,91651.03,52372.02,670361.82,50000,22500,10000,5086646.23
https://carfromjapan.com/cheap-used-subaru-forester-2021-for-sale-6a07ac7d032fc8327b47f97b,1800,2021,24400.0,SK5017***,Automatic,スポーツ,4WD,17 m3,Petrol,Pearl,Auction Grade,CFJ2795925,20339,5,-,5,Right,SK5,5,2633900.5,130000,39508.51,2803409.01,981193.15,700852.25,98119.32,56068.18,717672.71,50000,22500,10000,5439814.61
https://carfromjapan.com/cheap-used-toyota-hiace-van-2024-for-sale-6a07acf16c3bf875757e4bb9,2000,2024,5400.0,TRH2000380***,Automatic,DX HR ナビ付き,-,16.5 m3,Petrol,White,Auction Grade,CFJ2796003,21022,5,-,6,Right,3BF-TRH200K,2,2722349.0,130000,40835.24,2893184.23,1012614.48,723296.06,101261.45,57863.68,740655.16,50000,22500,10000,5611375.07
https://carfromjapan.com/cheap-used-toyota-rav4-2019-for-sale-69c60cb883b1975b9c9a633b,2500,2019,21000.0,AXAH54-2001***,Automatic,ハイブリットG4WD,-,17 m3,Hybrid,Pearl,Auction Grade,CFJ2552883,23936,5,-,5,-,6AA-AXAH54,7,3099712.0,130000,46495.68,3276207.68,1146672.69,982862.3,114667.27,65524.15,864918.83,50000,22500,10000,6533352.92
https://carfromjapan.com/cheap-used-toyota-hiace-van-2022-for-sale-6887ed38404713dae5092c4b,2700,2022,9000.0,TRH221-0099***,Automatic,インディアンキャンパー製 アパッ,-,16.5 m3,Petrol,Pearl,Auction Grade,CFJ1481364,44684,4,-,-,-,3BF-TRH221K,4,5786578.0,130000,86798.67,6003376.67,2101181.83,1801013.0,210118.18,120067.53,1584891.44,50000,22500,10000,11903148.66
https://carfromjapan.com/cheap-used-toyota-rav4-2019-for-sale-69f5310eb371b10877ddaa59,2000,2019,51200.0,MXAA542015***,Automatic,アドベンチャー,4WD,17 m3,Petrol,Other,Auction Grade,CFJ2744148,21132,5,-,5,Right,MXAA54,7,2736594.0,130000,41048.91,2907642.91,1017675.02,726910.73,101767.5,58152.86,744356.58,50000,22500,10000,5639005.6
https://carfromjapan.com/cheap-used-nissan-x-trail-2022-for-sale-69e743661ee484815055250c,2000,2022,17000.0,HT32-163***,Automatic,20Xi,2WD,17 m3,Hybrid,Pearl,Auction Grade,CFJ2686796,18603,5,-,5,-,5AA-HT32,4,2409088.5,130000,36136.33,2575224.83,901328.69,643806.21,90132.87,51504.5,659257.56,50000,22500,10000,5003754.65
https://carfromjapan.com/cheap-used-toyota-rav4-2021-for-sale-69e75cdb3f687905778463c8,2500,2021,24000.0,AXAH52-4006***,Automatic,X,2WD,17 m3,Hybrid,Gray,Auction Grade,CFJ2687815,23488,5,-,5,-,6AA-AXAH52,5,3041696.0,130000,45625.44,3217321.44,1126062.5,965196.43,112606.25,64346.43,849372.86,50000,22500,10000,6417405.92
https://carfromjapan.com/cheap-used-toyota-rav4-2019-for-sale-69e56093bacb6679d0145558,2000,2019,40100.0,MXAA544010***,Automatic,Ｇ　Ｚパッケージ,4WD,17 m3,Petrol,Other,Auction Grade,CFJ2680665,21289,5,-,5,Right,MXAA54,7,2756925.5,130000,41353.88,2928279.38,1024897.78,732069.85,102489.78,58565.59,749639.52,50000,22500,10000,5678441.9
https://carfromjapan.com/cheap-used-toyota-rav4-2019-for-sale-69c5bd7483b19705177c47f0,2000,2019,37100.0,MXAA545005***,Automatic,Ｇ　Ｚパッケージ,4WD,17 m3,Petrol,Other,Auction Grade,CFJ2550012,22310,5,-,5,Right,MXAA54,7,2889145.0,130000,43337.17,3062482.17,1071868.76,765620.54,107186.88,61249.64,783995.44,50000,22500,10000,5934903.44
https://carfromjapan.com/cheap-used-toyota-rav4-2019-for-sale-679ffc4d182ec82a7dd420cc,2500,2019,49000.0,AXAH542006***,Automatic,2.5 ハイブリッド G E-Four 4WD,4WD,17 m3,Hybrid,Pearl,Auction Grade,CFJ0714296,22828,5,-,5,Right,6AA-AXAH54,7,2956226.0,130000,44343.39,3130569.39,1095699.29,939170.82,109569.93,62611.39,826470.32,50000,22500,10000,6246591.13
https://carfromjapan.com/cheap-used-toyota-rav4-2019-for-sale-69ebf8f4ac4038c82e88e8c3,2000,2019,49600.0,MXAA544008***,Automatic,Ｇ　Ｚパッケージ,4WD,17 m3,Petrol,Other,Auction Grade,CFJ2710478,20111,5,-,5,Right,MXAA54,7,2604374.5,130000,39065.62,2773440.12,970704.04,693360.03,97070.4,55468.8,710000.67,50000,22500,10000,5382544.06
https://carfromjapan.com/cheap-used-toyota-rav4-2019-for-sale-69f13d6c247c38d8f15197e4,2000,2019,41900.0,MXAA542013***,Automatic,4WD  アドベンチャー,4WD,17 m3,Petrol,Silver,Auction Grade,CFJ2727154,20787,5,-,5,Right,6BA-MXAA54,7,2691916.5,130000,40378.75,2862295.25,1001803.34,715573.81,100180.33,57245.9,732747.58,50000,22500,10000,5552346.22
https://carfromjapan.com/cheap-used-toyota-rav4-2019-for-sale-69f684a7b371b13fc426f8fc,2000,2019,53100.0,MXAA542011***,Automatic,アドベンチャー,4WD,17 m3,Petrol,Other,Auction Grade,CFJ2748461,21289,5,-,5,Right,MXAA54,7,2756925.5,130000,41353.88,2928279.38,1024897.78,732069.85,102489.78,58565.59,749639.52,50000,22500,10000,5678441.9
https://carfromjapan.com/cheap-used-toyota-harrier-2022-for-sale-69c1cbe0fbd7ad6fa2c530e5,2000,2022,51700.0,MXUA850011***,Automatic,Ｓ,4WD,14.6 m3,Petrol,Black,Auction Grade,CFJ2536492,18776,5,-,5,Right,6BA-MXUA85,4,2431492.0,130000,36472.38,2597964.38,909287.53,649491.09,90928.75,51959.29,665078.88,50000,22500,10000,5047209.93
https://carfromjapan.com/cheap-used-toyota-rav4-2021-for-sale-69d04511304e3d215314b834,2500,2021,58000.0,0005***,Automatic,4WD PHV GZ,-,17 m3,Petrol,Pearl,Auction Grade,CFJ2595451,24273,5,-,-,-,AXAP54,5,3143353.5,130000,47150.3,3320503.8,1162176.33,996151.14,116217.63,66410.08,876613.0,50000,22500,10000,6620571.99
https://carfromjapan.com/cheap-used-toyota-rav4-2019-for-sale-69c1ad630d235c197f4a9c49,2000,2019,29000.0,MXAA54-2010***,Automatic,アドベンチャー,4WD,17 m3,Petrol,Black,Auction Grade,CFJ2534552,20268,5,-,5,-,6BA-MXAA54,7,2624706.0,130000,39370.59,2794076.59,977926.81,698519.15,97792.68,55881.53,715283.61,50000,22500,10000,5421980.36
https://carfromjapan.com/cheap-used-toyota-rav4-2019-for-sale-69bc81500d235c3a744a5525,2500,2019,44000.0,AXAH544011***,Automatic,HYBRID G,4WD,17 m3,Hybrid,Other,Auction Grade,CFJ2514602,24116,5,-,5,Right,6AA-AXAH54,7,3123022.0,130000,46845.33,3299867.33,1154953.57,989960.2,115495.36,65997.35,871164.98,50000,22500,10000,6579938.77
https://carfromjapan.com/cheap-used-subaru-forester-2020-for-sale-6a07a8b66c3bf8f78f72996c,1800,2020,44700.0,SK5002***,Automatic,スポーツ,4WD,17 m3,Petrol,Other,Auction Grade,CFJ2795110,17590,5,-,5,Right,SK5,6,2277905.0,130000,34168.57,2442073.58,854725.75,610518.39,85472.58,48841.47,625170.84,50000,22500,10000,4749302.6
https://carfromjapan.com/cheap-used-subaru-forester-2021-for-sale-69cc5742c5d5d544c8ae4bbe,2000,2021,122500.0,SKE050***,Automatic,ｱﾄﾞﾊﾞﾝｽ◆2024年ﾀｲﾔ4本◆ｱｲｻｲﾄｾｲﾌﾃｨﾌﾟﾗｽ,4WD,14.3 m3,Hybrid,Silver,Auction Grade,CFJ2580009,11748,5,-,5,Right,5AA-SKE,5,1521366.0,130000,22820.49,1674186.49,585965.27,418546.62,58596.53,33483.73,428591.74,50000,22500,10000,3281870.38
https://carfromjapan.com/cheap-used-subaru-forester-2020-for-sale-6a0264c9d32bf9d1a19ed30b,2500,2020,94000.0,SK9032***,Automatic,特 X-ｴﾃﾞｨｼｮﾝ,4WD,14.47 m3,Petrol,Other,Auction Grade,CFJ2775664,13368,5,-,5,Other,SK9,6,1731156.0,130000,25967.34,1887123.34,660493.17,566137.0,66049.32,37742.47,498200.56,50000,22500,10000,3798245.86
https://carfromjapan.com/cheap-used-toyota-rav4-2019-for-sale-65c55d02e06e631ac412f53e,2000,2019,49100.0,MXAA542013***,Automatic,Ｇ　Ｚパッケージ,4WD,17 m3,Petrol,Other,Auction Grade,CFJ9459617,20347,5,-,5,Right,MXAA54,7,2634936.5,130000,39524.05,2804460.55,981561.19,701115.14,98156.12,56089.21,717941.9,50000,22500,10000,5441824.11
https://carfromjapan.com/cheap-used-toyota-passo-2019-for-sale-6a07c9de6c3bf89d3c8ca5b4,1000,2019,31900.0,M700A0149***,Automatic,-,2WD,9.21 m3,Petrol,Silver,Auction Grade,CFJ2796147,3832,5,-,-,Right,5BA-M700A,7,496244.0,130000,7443.66,633687.66,221790.68,126737.53,22179.07,12673.75,157154.54,50000,22500,10000,1256723.23
https://carfromjapan.com/cheap-used-toyota-harrier-2021-for-sale-69f7d57296849244ef73965c,2000,2021,21900.0,MXUA800061***,Automatic,Z,2WD,14.56 m3,Petrol,Other,Auction Grade,CFJ2754445,16439,5,-,5,Other,MXUA80,5,2128850.5,130000,31932.76,2290783.26,801774.14,572695.81,80177.41,45815.67,586440.51,50000,22500,10000,4460186.81
https://carfromjapan.com/cheap-used-toyota-rav4-2020-for-sale-69bc81effbd7ad4532b34ce4,2000,2020,17000.0,MXAA525003***,Automatic,Ｘ,-,17 m3,Petrol,Other,Auction Grade,CFJ2514906,20190,5,-,5,Right,MXAA52,6,2614605.0,130000,39219.07,2783824.08,974338.43,695956.02,97433.84,55676.48,712658.96,50000,22500,10000,5402387.81
https://carfromjapan.com/cheap-used-toyota-land-cruiser-prado-2021-for-sale-69382d26ee8199852c927e17,2800,2021,86000.0,GDJ1510010***,Automatic,-,2WD,17.04 m3,Diesel,Black,Auction Grade,CFJ2074028,34908,5,-,7,Right,3DA-GDJ151W,5,4520586.0,130000,67808.79,4718394.79,1651438.18,1415518.44,165143.82,94367.9,1245656.22,50000,22500,10000,9373019.34
https://carfromjapan.com/cheap-used-toyota-rav4-2022-for-sale-69facdf40202b62a69e59f9f,2500,2022,39000.0,AXAP54-0006***,Automatic,ブラックトーン,4WD,17 m3,Hybrid,Pearl,Auction Grade,CFJ2760840,26543,5,-,5,-,6LA-AXAP54,4,3437318.5,130000,51559.78,3618878.28,1266607.4,1085663.48,126660.74,72377.57,955383.87,50000,22500,10000,7208071.33
https://carfromjapan.com/cheap-used-volvo-xc60-2021-for-sale-69ed487cac403821c7c7a19f,2000,2021,52000.0,YV1UZL1MCM1743***,Automatic,Ｂ５　ＡＷＤ　モメンタム,4WD,17 m3,Hybrid,Other,Auction Grade,CFJ2712720,22781,5,-,5,Right,UB420TXCM,5,2950139.5,130000,44252.09,3124391.59,1093537.06,781097.9,109353.71,62487.83,799844.25,50000,22500,10000,6053212.33
https://carfromjapan.com/cheap-used-nissan-fairlady-z-2022-for-sale-69c1cba60d235cf29e59bade,3000,2022,1600.0,RZ34100***,Manual,ベースグレード,2WD,12 m3,Petrol,Gray,Auction Grade,CFJ2536430,33548,3,-,2,Right,RZ34,4,4344466.0,130000,65166.99,4539632.99,1588871.55,1361889.9,158887.15,90792.66,1198463.11,50000,22500,10000,9021037.36
https://carfromjapan.com/cheap-used-toyota-rav4-2020-for-sale-69e1d5625d307c52f21ba6f6,2000,2020,48000.0,MXAA52-5003***,Automatic,2.0X 純9型ナビ&19AW,2WD,14.3 m3,Petrol,Black,Auction Grade,CFJ2667650,17920,5,-,5,-,6BA-MXAA52,6,2320640.0,130000,34809.6,2485449.6,869907.36,621362.4,86990.74,49708.99,636275.1,50000,22500,10000,4832194.19
https://carfromjapan.com/cheap-used-nissan-x-trail-2023-for-sale-6a07a6fd032fc86a883c2a22,1500,2023,21000.0,T33001***,Automatic,Ｘ,-,17 m3,Hybrid,Other,Auction Grade,CFJ2794518,22703,5,-,5,Right,T33,3,2940038.5,130000,44100.58,3114139.08,1089948.68,778534.77,108994.87,62282.78,797219.6,50000,22500,10000,6033619.78
